date,year,month,attack_type,sector,province,incident_count,financial_loss_million_idr,severity,detection_rate_percent,avg_response_time_hours,source,data_type
2023-01-01,2023,1,Phishing,Telekomunikasi,Jawa Timur,898.0,8082,Medium,73,27.29,Bssn/Kominfo Statistics,internal_structured
2023-01-01,2023,1,Ransomware,Transportasi,Dki Jakarta,522.0,6786,Medium,78,39.27,Bssn/Kominfo Statistics,internal_structured
2023-01-01,2023,1,Malware,Pemerintahan,Dki Jakarta,2707.0,75796,Medium,78,49.86,Bssn/Kominfo Statistics,internal_structured
2023-01-01,2023,1,Ddos,Teknologi Informasi,Dki Jakarta,528.0,20592,Low,66,113.05,Bssn/Kominfo Statistics,internal_structured
2023-01-01,2023,1,Data Breach,Teknologi Informasi,Jawa Tengah,353.0,6001,High,61,13.99,Bssn/Kominfo Statistics,internal_structured
2023-01-01,2023,1,Social Engineering,Teknologi Informasi,Kalimantan Timur,1029.0,15435,High,47,18.84,Bssn/Kominfo Statistics,internal_structured
2023-01-01,2023,1,Scam/Fraud,Teknologi Informasi,Jawa Barat,3127.0,85620,Medium,50,70.36,Bssn/Kominfo Statistics,internal_structured
2023-01-01,2023,1,Sql Injection,Manufaktur,Lainnya,233.0,8155,Medium,74,68.49,Bssn/Kominfo Statistics,internal_structured
2023-01-01,2023,1,Brute Force,Pemerintahan,Banten,358.0,9308,Medium,81,39.15,Bssn/Kominfo Statistics,internal_structured
2023-01-01,2023,1,Apt,Pemerintahan,Jawa Tengah,101.0,1313,Low,84,154.88,Bssn/Kominfo Statistics,internal_structured
2023-01-01,2023,1,Cryptojacking,Perbankan & Keuangan,Sumatera Utara,328.0,3608,High,71,19.75,Bssn/Kominfo Statistics,internal_structured
2023-01-01,2023,1,Zero-Day Exploit,Pemerintahan,Bali,46.0,1380,Critical,82,5.23,Bssn/Kominfo Statistics,internal_structured
2023-01-31,2023,1,Phishing,Media,Jawa Timur,1487.0,25279,Low,84,82.12,Bssn/Kominfo Statistics,internal_structured
2023-01-31,2023,1,Ransomware,Telekomunikasi,Sumatera Utara,540.0,15660,Low,52,164.94,Bssn/Kominfo Statistics,internal_structured
2023-01-31,2023,1,Malware,Teknologi Informasi,Sulawesi Selatan,1259.0,32734,High,60,16.98,Bssn/Kominfo Statistics,internal_structured
2023-01-31,2023,1,Ddos,Perbankan & Keuangan,Jawa Timur,244.0,2928,Critical,63,2.53,Bssn/Kominfo Statistics,internal_structured
2023-01-31,2023,1,Data Breach,Pemerintahan,Jawa Timur,472.0,8496,Low,71,131.01,Bssn/Kominfo Statistics,internal_structured
2023-01-31,2023,1,Social Engineering,Energi,Jawa Timur,987.0,12831,Critical,66,4.29,Bssn/Kominfo Statistics,internal_structured
2023-01-31,2023,1,Scam/Fraud,Telekomunikasi,Jawa Barat,1685.0,20220,Medium,78,49.37,Bssn/Kominfo Statistics,internal_structured
2023-01-31,2023,1,Sql Injection,Pemerintahan,Dki Jakarta,233.0,11184,Low,59,73.19,Bssn/Kominfo Statistics,internal_structured
2023-01-31,2023,1,Brute Force,Teknologi Informasi,Bali,694.0,14574,High,69,20.81,Bssn/Kominfo Statistics,internal_structured
2023-01-31,2023,1,Apt,Manufaktur,Jawa Timur,193.0,4439,Medium,47,55.96,Bssn/Kominfo Statistics,internal_structured
2023-01-31,2023,1,Cryptojacking,Kesehatan,Lainnya,417.0,17931,Medium,80,57.2,Bssn/Kominfo Statistics,internal_structured
2023-01-31,2023,1,Zero-Day Exploit,Transportasi,Lainnya,91.0,1365,Low,65,114.56,Bssn/Kominfo Statistics,internal_structured
2023-03-02,2023,3,Phishing,Perbankan & Keuangan,Jawa Timur,1965.0,29475,Critical,85,2.0,Bssn/Kominfo Statistics,internal_structured
2023-03-02,2023,3,Ransomware,Kesehatan,Sumatera Utara,792.0,38808,Low,70,108.08,Bssn/Kominfo Statistics,internal_structured
2023-03-02,2023,3,Malware,Teknologi Informasi,Banten,1716.0,36036,Low,59,85.18,Bssn/Kominfo Statistics,internal_structured
2023-03-02,2023,3,Ddos,Manufaktur,Sulawesi Selatan,595.0,10710,High,69,11.08,Bssn/Kominfo Statistics,internal_structured
2023-03-02,2023,3,Data Breach,Pendidikan,Kalimantan Timur,275.0,4675,Critical,56,2.98,Bssn/Kominfo Statistics,internal_structured
2023-03-02,2023,3,Social Engineering,Pemerintahan,Jawa Timur,1585.0,12680,Medium,73,27.0,Bssn/Kominfo Statistics,internal_structured
2023-03-02,2023,3,Scam/Fraud,Manufaktur,Dki Jakarta,2945.0,85620,Medium,52,28.62,Bssn/Kominfo Statistics,internal_structured
2023-03-02,2023,3,Sql Injection,Pendidikan,Dki Jakarta,319.0,11165,Medium,40,65.66,Bssn/Kominfo Statistics,internal_structured
2023-03-02,2023,3,Brute Force,Pendidikan,Lainnya,931.0,13965,Medium,76,40.91,Bssn/Kominfo Statistics,internal_structured
2023-03-02,2023,3,Apt,Perbankan & Keuangan,Bali,138.0,2622,Medium,45,50.12,Bssn/Kominfo Statistics,internal_structured
2023-03-02,2023,3,Cryptojacking,Retail & E-Commerce,Dki Jakarta,144.0,2448,Low,80,161.93,Bssn/Kominfo Statistics,internal_structured
2023-03-02,2023,3,Zero-Day Exploit,Pemerintahan,Kalimantan Timur,27.0,1080,Critical,40,4.71,Bssn/Kominfo Statistics,internal_structured
2023-04-01,2023,4,Phishing,Energi,Dki Jakarta,2015.0,48360,Critical,42,5.26,Bssn/Kominfo Statistics,internal_structured
2023-04-01,2023,4,Ransomware,Media,Jawa Barat,925.0,41625,Low,50,80.42,Bssn/Kominfo Statistics,internal_structured
2023-04-01,2023,4,Malware,Teknologi Informasi,Dki Jakarta,1155.0,48510,Medium,40,71.9,Bssn/Kominfo Statistics,internal_structured
2023-04-01,2023,4,Ddos,Kesehatan,Dki Jakarta,186.0,7068,Medium,57,52.25,Bssn/Kominfo Statistics,internal_structured
2023-04-01,2023,4,Data Breach,Pendidikan,Dki Jakarta,494.0,9386,High,53,13.22,Bssn/Kominfo Statistics,internal_structured
2023-04-01,2023,4,Social Engineering,Pendidikan,Sulawesi Selatan,1440.0,41760,Medium,55,58.15,Bssn/Kominfo Statistics,internal_structured
2023-04-01,2023,4,Scam/Fraud,Pemerintahan,Dki Jakarta,2646.0,85620,Low,54,167.18,Bssn/Kominfo Statistics,internal_structured
2023-04-01,2023,4,Sql Injection,Transportasi,Jawa Tengah,336.0,8064,Medium,81,32.18,Bssn/Kominfo Statistics,internal_structured
2023-04-01,2023,4,Brute Force,Transportasi,Jawa Tengah,866.0,5196,Medium,74,67.5,Bssn/Kominfo Statistics,internal_structured
2023-04-01,2023,4,Apt,Energi,Dki Jakarta,98.0,4410,Critical,60,5.69,Bssn/Kominfo Statistics,internal_structured
2023-04-01,2023,4,Cryptojacking,Manufaktur,Jawa Barat,305.0,9455,Medium,75,70.76,Bssn/Kominfo Statistics,internal_structured
2023-04-01,2023,4,Zero-Day Exploit,Teknologi Informasi,Dki Jakarta,94.0,1974,Low,79,95.22,Bssn/Kominfo Statistics,internal_structured
2023-05-01,2023,5,Phishing,Pendidikan,Dki Jakarta,1935.0,85620,High,49,7.36,Bssn/Kominfo Statistics,internal_structured
2023-05-01,2023,5,Ransomware,Telekomunikasi,Banten,1034.0,5170,Medium,70,24.26,Bssn/Kominfo Statistics,internal_structured
2023-05-01,2023,5,Malware,Energi,Dki Jakarta,1886.0,37720,Low,55,76.58,Bssn/Kominfo Statistics,internal_structured
2023-05-01,2023,5,Ddos,Pendidikan,Dki Jakarta,243.0,8262,Medium,62,59.21,Bssn/Kominfo Statistics,internal_structured
2023-05-01,2023,5,Data Breach,Pemerintahan,Lainnya,579.0,23739,Low,85,88.74,Bssn/Kominfo Statistics,internal_structured
2023-05-01,2023,5,Social Engineering,Energi,Lainnya,1564.0,73508,Medium,83,41.63,Bssn/Kominfo Statistics,internal_structured
2023-05-01,2023,5,Scam/Fraud,Perbankan & Keuangan,Dki Jakarta,2573.0,85620,Critical,68,1.71,Bssn/Kominfo Statistics,internal_structured
2023-05-01,2023,5,Sql Injection,Teknologi Informasi,Bali,229.0,8244,Medium,60,70.57,Bssn/Kominfo Statistics,internal_structured
2023-05-01,2023,5,Brute Force,Media,Dki Jakarta,467.0,17279,Medium,73,29.53,Bssn/Kominfo Statistics,internal_structured
2023-05-01,2023,5,Apt,Pemerintahan,Jawa Tengah,56.0,1904,Critical,66,3.92,Bssn/Kominfo Statistics,internal_structured
2023-05-01,2023,5,Cryptojacking,Kesehatan,Bali,425.0,19975,Medium,73,66.68,Bssn/Kominfo Statistics,internal_structured
2023-05-01,2023,5,Zero-Day Exploit,Energi,Sumatera Utara,74.0,3182,Low,79,80.05,Bssn/Kominfo Statistics,internal_structured
2023-05-31,2023,5,Phishing,Kesehatan,Dki Jakarta,2436.0,31668,Low,51,117.29,Bssn/Kominfo Statistics,internal_structured
2023-05-31,2023,5,Ransomware,Energi,Jawa Tengah,1148.0,51660,Medium,41,40.25,Bssn/Kominfo Statistics,internal_structured
2023-05-31,2023,5,Malware,Kesehatan,Dki Jakarta,1742.0,50518,Medium,57,53.08,Bssn/Kominfo Statistics,internal_structured
2023-05-31,2023,5,Ddos,Manufaktur,Banten,936.0,41184,Low,59,157.39,Bssn/Kominfo Statistics,internal_structured
2023-05-31,2023,5,Data Breach,Kesehatan,Dki Jakarta,323.0,9044,Low,59,157.63,Bssn/Kominfo Statistics,internal_structured
2023-05-31,2023,5,Social Engineering,Perbankan & Keuangan,Banten,800.0,6400,Medium,85,35.25,Bssn/Kominfo Statistics,internal_structured
2023-05-31,2023,5,Scam/Fraud,Media,Jawa Barat,2487.0,85620,Medium,72,64.3,Bssn/Kominfo Statistics,internal_structured
2023-05-31,2023,5,Sql Injection,Transportasi,Jawa Tengah,360.0,12240,Medium,60,44.9,Bssn/Kominfo Statistics,internal_structured
2023-05-31,2023,5,Brute Force,Retail & E-Commerce,Sulawesi Selatan,801.0,6408,Low,85,106.69,Bssn/Kominfo Statistics,internal_structured
2023-05-31,2023,5,Apt,Energi,Banten,197.0,6698,High,56,7.79,Bssn/Kominfo Statistics,internal_structured
2023-05-31,2023,5,Cryptojacking,Pemerintahan,Dki Jakarta,399.0,15960,High,49,22.84,Bssn/Kominfo Statistics,internal_structured
2023-05-31,2023,5,Zero-Day Exploit,Telekomunikasi,Sumatera Utara,33.0,957,Medium,76,49.41,Bssn/Kominfo Statistics,internal_structured
2023-06-30,2023,6,Phishing,Manufaktur,Jawa Tengah,2316.0,16212,Low,60,119.19,Bssn/Kominfo Statistics,internal_structured
2023-06-30,2023,6,Ransomware,Retail & E-Commerce,Dki Jakarta,542.0,27100,Medium,70,58.04,Bssn/Kominfo Statistics,internal_structured
2023-06-30,2023,6,Malware,Retail & E-Commerce,Sumatera Utara,2564.0,85620,Medium,45,27.71,Bssn/Kominfo Statistics,internal_structured
2023-06-30,2023,6,Ddos,Manufaktur,Dki Jakarta,266.0,6650,Low,51,106.35,Bssn/Kominfo Statistics,internal_structured
2023-06-30,2023,6,Data Breach,Pemerintahan,Bali,246.0,6150,Low,63,159.32,Bssn/Kominfo Statistics,internal_structured
2023-06-30,2023,6,Social Engineering,Perbankan & Keuangan,Jawa Tengah,1628.0,26048,High,65,8.26,Bssn/Kominfo Statistics,internal_structured
2023-06-30,2023,6,Scam/Fraud,Retail & E-Commerce,Jawa Tengah,3577.375,85620,Medium,81,39.19,Bssn/Kominfo Statistics,internal_structured
2023-06-30,2023,6,Sql Injection,Perbankan & Keuangan,Jawa Timur,368.0,11776,Critical,62,4.73,Bssn/Kominfo Statistics,internal_structured
2023-06-30,2023,6,Brute Force,Transportasi,Jawa Barat,709.0,9217,High,54,15.01,Bssn/Kominfo Statistics,internal_structured
2023-06-30,2023,6,Apt,Telekomunikasi,Jawa Barat,101.0,1414,Low,63,103.99,Bssn/Kominfo Statistics,internal_structured
2023-06-30,2023,6,Cryptojacking,Energi,Jawa Barat,133.0,6384,Critical,83,2.12,Bssn/Kominfo Statistics,internal_structured
2023-06-30,2023,6,Zero-Day Exploit,Perbankan & Keuangan,Dki Jakarta,38.0,1140,Low,84,94.79,Bssn/Kominfo Statistics,internal_structured
2023-07-30,2023,7,Phishing,Kesehatan,Jawa Timur,2709.0,83979,Medium,40,30.16,Bssn/Kominfo Statistics,internal_structured
2023-07-30,2023,7,Ransomware,Pendidikan,Jawa Timur,739.0,11085,High,44,13.83,Bssn/Kominfo Statistics,internal_structured
2023-07-30,2023,7,Malware,Perbankan & Keuangan,Lainnya,2307.0,78438,Critical,73,6.0,Bssn/Kominfo Statistics,internal_structured
2023-07-30,2023,7,Ddos,Transportasi,Jawa Timur,514.0,22102,Medium,59,26.62,Bssn/Kominfo Statistics,internal_structured
2023-07-30,2023,7,Data Breach,Telekomunikasi,Dki Jakarta,400.0,13600,Medium,40,44.22,Bssn/Kominfo Statistics,internal_structured
2023-07-30,2023,7,Social Engineering,Kesehatan,Jawa Timur,824.0,9064,Low,59,109.27,Bssn/Kominfo Statistics,internal_structured
2023-07-30,2023,7,Scam/Fraud,Teknologi Informasi,Dki Jakarta,3577.375,70632,Low,62,82.62,Bssn/Kominfo Statistics,internal_structured
2023-07-30,2023,7,Sql Injection,Retail & E-Commerce,Jawa Tengah,392.0,12544,Critical,45,2.27,Bssn/Kominfo Statistics,internal_structured
2023-07-30,2023,7,Brute Force,Transportasi,Jawa Barat,476.0,15232,Medium,43,68.28,Bssn/Kominfo Statistics,internal_structured
2023-07-30,2023,7,Apt,Kesehatan,Jawa Timur,123.0,4551,Medium,64,35.25,Bssn/Kominfo Statistics,internal_structured
2023-07-30,2023,7,Cryptojacking,Manufaktur,Dki Jakarta,428.0,11556,Medium,73,61.2,Bssn/Kominfo Statistics,internal_structured
2023-07-30,2023,7,Zero-Day Exploit,Kesehatan,Jawa Tengah,61.0,1281,Medium,73,29.74,Bssn/Kominfo Statistics,internal_structured
2023-08-29,2023,8,Phishing,Retail & E-Commerce,Lainnya,1789.0,66193,Medium,54,46.89,Bssn/Kominfo Statistics,internal_structured
2023-08-29,2023,8,Ransomware,Retail & E-Commerce,Jawa Timur,1127.0,20286,Low,63,105.71,Bssn/Kominfo Statistics,internal_structured
2023-08-29,2023,8,Malware,Pendidikan,Lainnya,2406.0,72180,Low,81,84.07,Bssn/Kominfo Statistics,internal_structured
2023-08-29,2023,8,Ddos,Teknologi Informasi,Dki Jakarta,447.0,7152,Medium,57,35.75,Bssn/Kominfo Statistics,internal_structured
2023-08-29,2023,8,Data Breach,Transportasi,Jawa Tengah,334.0,16366,Low,42,105.06,Bssn/Kominfo Statistics,internal_structured
2023-08-29,2023,8,Social Engineering,Teknologi Informasi,Bali,1143.0,46863,Low,60,84.31,Bssn/Kominfo Statistics,internal_structured
2023-08-29,2023,8,Scam/Fraud,Kesehatan,Bali,3577.375,85620,Medium,82,31.75,Bssn/Kominfo Statistics,internal_structured
2023-08-29,2023,8,Sql Injection,Kesehatan,Sulawesi Selatan,125.0,4250,Low,61,100.02,Bssn/Kominfo Statistics,internal_structured
2023-08-29,2023,8,Brute Force,Transportasi,Kalimantan Timur,622.0,22392,Medium,75,59.3,Bssn/Kominfo Statistics,internal_structured
2023-08-29,2023,8,Apt,Retail & E-Commerce,Dki Jakarta,168.0,4200,Medium,84,69.09,Bssn/Kominfo Statistics,internal_structured
2023-08-29,2023,8,Cryptojacking,Pemerintahan,Dki Jakarta,195.0,6630,Medium,47,64.74,Bssn/Kominfo Statistics,internal_structured
2023-08-29,2023,8,Zero-Day Exploit,Kesehatan,Dki Jakarta,32.0,736,Medium,50,54.95,Bssn/Kominfo Statistics,internal_structured
2023-09-28,2023,9,Phishing,Media,Jawa Tengah,1407.0,61908,Medium,78,27.75,Bssn/Kominfo Statistics,internal_structured
2023-09-28,2023,9,Ransomware,Retail & E-Commerce,Dki Jakarta,694.0,18738,Medium,49,57.23,Bssn/Kominfo Statistics,internal_structured
2023-09-28,2023,9,Malware,Teknologi Informasi,Jawa Tengah,2632.0,23688,Medium,47,63.07,Bssn/Kominfo Statistics,internal_structured
2023-09-28,2023,9,Ddos,Telekomunikasi,Bali,689.0,22048,Low,42,95.93,Bssn/Kominfo Statistics,internal_structured
2023-09-28,2023,9,Data Breach,Manufaktur,Dki Jakarta,438.0,4380,Medium,58,53.99,Bssn/Kominfo Statistics,internal_structured
2023-09-28,2023,9,Social Engineering,Energi,Banten,1092.0,44772,Low,63,155.76,Bssn/Kominfo Statistics,internal_structured
2023-09-28,2023,9,Scam/Fraud,Teknologi Informasi,Sulawesi Selatan,3577.375,85620,Low,48,125.03,Bssn/Kominfo Statistics,internal_structured
2023-09-28,2023,9,Sql Injection,Energi,Bali,188.0,3196,Low,54,91.23,Bssn/Kominfo Statistics,internal_structured
2023-09-28,2023,9,Brute Force,Pendidikan,Jawa Timur,767.0,13806,Medium,58,48.18,Bssn/Kominfo Statistics,internal_structured
2023-09-28,2023,9,Apt,Kesehatan,Jawa Barat,180.0,4140,Low,61,94.0,Bssn/Kominfo Statistics,internal_structured
2023-09-28,2023,9,Cryptojacking,Transportasi,Jawa Tengah,632.0,24016,Medium,42,35.04,Bssn/Kominfo Statistics,internal_structured
2023-09-28,2023,9,Zero-Day Exploit,Kesehatan,Jawa Timur,48.0,1920,Critical,72,5.6,Bssn/Kominfo Statistics,internal_structured
2023-10-28,2023,10,Phishing,Retail & E-Commerce,Kalimantan Timur,1717.0,63529,Medium,54,37.37,Bssn/Kominfo Statistics,internal_structured
2023-10-28,2023,10,Ransomware,Retail & E-Commerce,Jawa Tengah,698.0,33504,Medium,56,25.59,Bssn/Kominfo Statistics,internal_structured
2023-10-28,2023,10,Malware,Manufaktur,Bali,2377.0,85572,Low,65,150.62,Bssn/Kominfo Statistics,internal_structured
2023-10-28,2023,10,Ddos,Pendidikan,Jawa Timur,890.0,29370,Medium,70,71.03,Bssn/Kominfo Statistics,internal_structured
2023-10-28,2023,10,Data Breach,Manufaktur,Dki Jakarta,612.0,29988,Low,47,72.57,Bssn/Kominfo Statistics,internal_structured
2023-10-28,2023,10,Social Engineering,Retail & E-Commerce,Bali,1079.0,7553,Low,51,88.97,Bssn/Kominfo Statistics,internal_structured
2023-10-28,2023,10,Scam/Fraud,Transportasi,Jawa Timur,3577.375,85620,Medium,49,24.48,Bssn/Kominfo Statistics,internal_structured
2023-10-28,2023,10,Sql Injection,Energi,Dki Jakarta,334.0,2672,Low,83,143.38,Bssn/Kominfo Statistics,internal_structured
2023-10-28,2023,10,Brute Force,Pendidikan,Jawa Barat,403.0,8060,Medium,50,32.21,Bssn/Kominfo Statistics,internal_structured
2023-10-28,2023,10,Apt,Pendidikan,Dki Jakarta,56.0,1848,Low,67,88.08,Bssn/Kominfo Statistics,internal_structured
2023-10-28,2023,10,Cryptojacking,Perbankan & Keuangan,Jawa Barat,282.0,4230,Medium,41,53.79,Bssn/Kominfo Statistics,internal_structured
2023-10-28,2023,10,Zero-Day Exploit,Perbankan & Keuangan,Dki Jakarta,45.0,2025,Low,58,105.75,Bssn/Kominfo Statistics,internal_structured
2023-11-27,2023,11,Phishing,Energi,Sulawesi Selatan,2072.0,74592,Low,51,129.42,Bssn/Kominfo Statistics,internal_structured
2023-11-27,2023,11,Ransomware,Telekomunikasi,Dki Jakarta,715.0,8580,Low,82,162.62,Bssn/Kominfo Statistics,internal_structured
2023-11-27,2023,11,Malware,Pemerintahan,Sulawesi Selatan,1542.0,77100,Low,84,165.42,Bssn/Kominfo Statistics,internal_structured
2023-11-27,2023,11,Ddos,Manufaktur,Lainnya,513.0,19494,Medium,61,25.34,Bssn/Kominfo Statistics,internal_structured
2023-11-27,2023,11,Data Breach,Perbankan & Keuangan,Sulawesi Selatan,494.0,19266,High,47,11.89,Bssn/Kominfo Statistics,internal_structured
2023-11-27,2023,11,Social Engineering,Telekomunikasi,Kalimantan Timur,1222.0,59878,Medium,68,67.68,Bssn/Kominfo Statistics,internal_structured
2023-11-27,2023,11,Scam/Fraud,Kesehatan,Sumatera Utara,2242.0,31388,Low,54,147.07,Bssn/Kominfo Statistics,internal_structured
2023-11-27,2023,11,Sql Injection,Manufaktur,Dki Jakarta,240.0,5280,Medium,44,60.14,Bssn/Kominfo Statistics,internal_structured
2023-11-27,2023,11,Brute Force,Perbankan & Keuangan,Banten,859.0,24911,Medium,79,44.49,Bssn/Kominfo Statistics,internal_structured
2023-11-27,2023,11,Apt,Kesehatan,Jawa Barat,76.0,2280,Medium,81,31.19,Bssn/Kominfo Statistics,internal_structured
2023-11-27,2023,11,Cryptojacking,Perbankan & Keuangan,Jawa Barat,458.0,21526,Medium,82,63.47,Bssn/Kominfo Statistics,internal_structured
2023-11-27,2023,11,Zero-Day Exploit,Retail & E-Commerce,Jawa Tengah,27.0,1053,Low,80,160.27,Bssn/Kominfo Statistics,internal_structured
2023-12-27,2023,12,Phishing,Pemerintahan,Kalimantan Timur,3228.0,85620,Medium,54,60.06,Bssn/Kominfo Statistics,internal_structured
2023-12-27,2023,12,Ransomware,Retail & E-Commerce,Jawa Barat,1568.0,78400,Critical,58,5.21,Bssn/Kominfo Statistics,internal_structured
2023-12-27,2023,12,Malware,Transportasi,Dki Jakarta,2193.0,50439,Medium,44,46.58,Bssn/Kominfo Statistics,internal_structured
2023-12-27,2023,12,Ddos,Kesehatan,Jawa Barat,614.0,28858,High,50,21.73,Bssn/Kominfo Statistics,internal_structured
2023-12-27,2023,12,Data Breach,Media,Sulawesi Selatan,656.0,28864,Low,60,107.92,Bssn/Kominfo Statistics,internal_structured
2023-12-27,2023,12,Social Engineering,Telekomunikasi,Jawa Timur,1054.0,49538,Medium,77,58.32,Bssn/Kominfo Statistics,internal_structured
2023-12-27,2023,12,Scam/Fraud,Manufaktur,Dki Jakarta,3577.375,85620,Low,58,167.44,Bssn/Kominfo Statistics,internal_structured
2023-12-27,2023,12,Sql Injection,Pemerintahan,Jawa Tengah,111.0,5328,Low,83,98.15,Bssn/Kominfo Statistics,internal_structured
2023-12-27,2023,12,Brute Force,Perbankan & Keuangan,Jawa Barat,433.0,11258,High,43,22.38,Bssn/Kominfo Statistics,internal_structured
2023-12-27,2023,12,Apt,Retail & E-Commerce,Sumatera Utara,182.0,7098,Medium,75,40.08,Bssn/Kominfo Statistics,internal_structured
2023-12-27,2023,12,Cryptojacking,Retail & E-Commerce,Bali,631.0,14513,Low,44,103.18,Bssn/Kominfo Statistics,internal_structured
2023-12-27,2023,12,Zero-Day Exploit,Pemerintahan,Sumatera Utara,42.0,1722,High,73,9.22,Bssn/Kominfo Statistics,internal_structured
2024-01-26,2024,1,Phishing,Teknologi Informasi,Dki Jakarta,2011.0,85620,High,62,9.58,Bssn/Kominfo Statistics,internal_structured
2024-01-26,2024,1,Ransomware,Energi,Dki Jakarta,668.0,12024,Medium,80,70.68,Bssn/Kominfo Statistics,internal_structured
2024-01-26,2024,1,Malware,Pemerintahan,Dki Jakarta,1918.0,53704,Medium,85,68.03,Bssn/Kominfo Statistics,internal_structured
2024-01-26,2024,1,Ddos,Retail & E-Commerce,Sulawesi Selatan,668.0,30060,Medium,59,24.42,Bssn/Kominfo Statistics,internal_structured
2024-01-26,2024,1,Data Breach,Perbankan & Keuangan,Sumatera Utara,592.0,15392,High,59,6.57,Bssn/Kominfo Statistics,internal_structured
2024-01-26,2024,1,Social Engineering,Teknologi Informasi,Jawa Barat,1615.0,17765,Medium,55,69.62,Bssn/Kominfo Statistics,internal_structured
2024-01-26,2024,1,Scam/Fraud,Energi,Jawa Barat,3577.375,85620,Low,68,129.2,Bssn/Kominfo Statistics,internal_structured
2024-01-26,2024,1,Sql Injection,Energi,Jawa Timur,249.0,10458,Low,46,139.57,Bssn/Kominfo Statistics,internal_structured
2024-01-26,2024,1,Brute Force,Manufaktur,Kalimantan Timur,914.0,14624,Medium,68,61.03,Bssn/Kominfo Statistics,internal_structured
2024-01-26,2024,1,Apt,Pendidikan,Dki Jakarta,103.0,4120,Medium,66,32.53,Bssn/Kominfo Statistics,internal_structured
2024-01-26,2024,1,Cryptojacking,Manufaktur,Bali,396.0,18612,Medium,76,55.67,Bssn/Kominfo Statistics,internal_structured
2024-01-26,2024,1,Zero-Day Exploit,Telekomunikasi,Jawa Barat,44.0,1980,Medium,81,34.75,Bssn/Kominfo Statistics,internal_structured
2024-02-25,2024,2,Phishing,Transportasi,Jawa Barat,1390.0,33360,Medium,47,43.31,Bssn/Kominfo Statistics,internal_structured
2024-02-25,2024,2,Ransomware,Media,Jawa Barat,1137.0,54576,Medium,56,65.8,Bssn/Kominfo Statistics,internal_structured
2024-02-25,2024,2,Malware,Transportasi,Jawa Barat,3079.0,85620,Low,56,126.57,Bssn/Kominfo Statistics,internal_structured
2024-02-25,2024,2,Ddos,Teknologi Informasi,Sumatera Utara,420.0,12600,Low,60,124.56,Bssn/Kominfo Statistics,internal_structured
2024-02-25,2024,2,Data Breach,Transportasi,Dki Jakarta,734.0,32296,Critical,61,1.55,Bssn/Kominfo Statistics,internal_structured
2024-02-25,2024,2,Social Engineering,Manufaktur,Sumatera Utara,2090.0,22990,Medium,43,41.83,Bssn/Kominfo Statistics,internal_structured
2024-02-25,2024,2,Scam/Fraud,Kesehatan,Jawa Barat,3577.375,79230,High,75,19.18,Bssn/Kominfo Statistics,internal_structured
2024-02-25,2024,2,Sql Injection,Manufaktur,Dki Jakarta,384.0,8832,Medium,56,35.03,Bssn/Kominfo Statistics,internal_structured
2024-02-25,2024,2,Brute Force,Media,Dki Jakarta,742.0,20776,High,75,8.7,Bssn/Kominfo Statistics,internal_structured
2024-02-25,2024,2,Apt,Retail & E-Commerce,Jawa Tengah,105.0,1575,Medium,79,45.72,Bssn/Kominfo Statistics,internal_structured
2024-02-25,2024,2,Cryptojacking,Manufaktur,Sumatera Utara,241.0,7230,Critical,67,5.81,Bssn/Kominfo Statistics,internal_structured
2024-02-25,2024,2,Zero-Day Exploit,Teknologi Informasi,Banten,36.0,720,Medium,77,54.07,Bssn/Kominfo Statistics,internal_structured
2024-03-26,2024,3,Phishing,Pendidikan,Jawa Barat,1993.0,65769,High,54,23.1,Bssn/Kominfo Statistics,internal_structured
2024-03-26,2024,3,Ransomware,Energi,Dki Jakarta,1041.0,28107,Medium,42,53.41,Bssn/Kominfo Statistics,internal_structured
2024-03-26,2024,3,Malware,Pendidikan,Jawa Barat,1586.0,69784,High,75,11.35,Bssn/Kominfo Statistics,internal_structured
2024-03-26,2024,3,Ddos,Transportasi,Jawa Timur,500.0,16000,Medium,62,62.85,Bssn/Kominfo Statistics,internal_structured
2024-03-26,2024,3,Data Breach,Retail & E-Commerce,Jawa Timur,810.0,8100,Medium,67,41.65,Bssn/Kominfo Statistics,internal_structured
2024-03-26,2024,3,Social Engineering,Pemerintahan,Jawa Timur,1908.0,32436,Low,76,162.09,Bssn/Kominfo Statistics,internal_structured
2024-03-26,2024,3,Scam/Fraud,Perbankan & Keuangan,Jawa Tengah,3577.375,85620,High,53,12.17,Bssn/Kominfo Statistics,internal_structured
2024-03-26,2024,3,Sql Injection,Manufaktur,Banten,265.0,10600,High,63,15.25,Bssn/Kominfo Statistics,internal_structured
2024-03-26,2024,3,Brute Force,Perbankan & Keuangan,Bali,747.0,37350,Medium,73,57.87,Bssn/Kominfo Statistics,internal_structured
2024-03-26,2024,3,Apt,Teknologi Informasi,Jawa Barat,148.0,6956,High,78,18.5,Bssn/Kominfo Statistics,internal_structured
2024-03-26,2024,3,Cryptojacking,Media,Jawa Timur,711.0,19908,Medium,54,38.56,Bssn/Kominfo Statistics,internal_structured
2024-03-26,2024,3,Zero-Day Exploit,Kesehatan,Jawa Barat,77.0,2156,Medium,79,26.84,Bssn/Kominfo Statistics,internal_structured
2024-04-25,2024,4,Phishing,Pendidikan,Lainnya,3093.0,85620,Low,44,89.3,Bssn/Kominfo Statistics,internal_structured
2024-04-25,2024,4,Ransomware,Energi,Dki Jakarta,830.0,22410,Medium,56,54.46,Bssn/Kominfo Statistics,internal_structured
2024-04-25,2024,4,Malware,Pemerintahan,Lainnya,1699.0,33980,High,49,10.64,Bssn/Kominfo Statistics,internal_structured
2024-04-25,2024,4,Ddos,Energi,Dki Jakarta,708.0,32568,Medium,72,68.96,Bssn/Kominfo Statistics,internal_structured
2024-04-25,2024,4,Data Breach,Perbankan & Keuangan,Bali,359.0,10052,Critical,70,1.53,Bssn/Kominfo Statistics,internal_structured
2024-04-25,2024,4,Social Engineering,Media,Jawa Barat,2086.0,85620,Medium,85,66.11,Bssn/Kominfo Statistics,internal_structured
2024-04-25,2024,4,Scam/Fraud,Retail & E-Commerce,Dki Jakarta,3577.375,85620,High,81,12.26,Bssn/Kominfo Statistics,internal_structured
2024-04-25,2024,4,Sql Injection,Teknologi Informasi,Jawa Barat,260.0,4940,Medium,40,64.05,Bssn/Kominfo Statistics,internal_structured
2024-04-25,2024,4,Brute Force,Retail & E-Commerce,Dki Jakarta,448.0,5376,Medium,83,44.13,Bssn/Kominfo Statistics,internal_structured
2024-04-25,2024,4,Apt,Energi,Jawa Barat,163.0,5542,Critical,71,3.84,Bssn/Kominfo Statistics,internal_structured
2024-04-25,2024,4,Cryptojacking,Manufaktur,Jawa Timur,528.0,22176,High,70,17.43,Bssn/Kominfo Statistics,internal_structured
2024-04-25,2024,4,Zero-Day Exploit,Teknologi Informasi,Dki Jakarta,31.0,1488,Low,41,146.14,Bssn/Kominfo Statistics,internal_structured
2024-05-25,2024,5,Phishing,Telekomunikasi,Jawa Timur,3216.0,85620,Low,67,86.74,Bssn/Kominfo Statistics,internal_structured
2024-05-25,2024,5,Ransomware,Pemerintahan,Jawa Timur,1701.0,13608,Low,73,150.45,Bssn/Kominfo Statistics,internal_structured
2024-05-25,2024,5,Malware,Transportasi,Dki Jakarta,1238.0,47044,Medium,64,47.64,Bssn/Kominfo Statistics,internal_structured
2024-05-25,2024,5,Ddos,Manufaktur,Jawa Timur,550.0,7150,Low,53,148.17,Bssn/Kominfo Statistics,internal_structured
2024-05-25,2024,5,Data Breach,Media,Jawa Barat,422.0,2954,Medium,53,55.53,Bssn/Kominfo Statistics,internal_structured
2024-05-25,2024,5,Social Engineering,Retail & E-Commerce,Lainnya,1035.0,28980,Medium,72,49.27,Bssn/Kominfo Statistics,internal_structured
2024-05-25,2024,5,Scam/Fraud,Media,Dki Jakarta,3288.0,26304,Medium,40,67.92,Bssn/Kominfo Statistics,internal_structured
2024-05-25,2024,5,Sql Injection,Kesehatan,Kalimantan Timur,272.0,5440,Low,46,153.01,Bssn/Kominfo Statistics,internal_structured
2024-05-25,2024,5,Brute Force,Telekomunikasi,Dki Jakarta,642.0,12198,Low,60,78.01,Bssn/Kominfo Statistics,internal_structured
2024-05-25,2024,5,Apt,Pendidikan,Dki Jakarta,150.0,3450,Low,50,165.6,Bssn/Kominfo Statistics,internal_structured
2024-05-25,2024,5,Cryptojacking,Perbankan & Keuangan,Jawa Barat,359.0,7180,Critical,50,4.03,Bssn/Kominfo Statistics,internal_structured
2024-05-25,2024,5,Zero-Day Exploit,Retail & E-Commerce,Bali,30.0,480,Low,42,80.76,Bssn/Kominfo Statistics,internal_structured
2024-06-24,2024,6,Phishing,Telekomunikasi,Dki Jakarta,1435.0,14350,High,81,11.5,Bssn/Kominfo Statistics,internal_structured
2024-06-24,2024,6,Ransomware,Kesehatan,Kalimantan Timur,1321.0,29062,High,70,13.99,Bssn/Kominfo Statistics,internal_structured
2024-06-24,2024,6,Malware,Perbankan & Keuangan,Jawa Timur,2106.0,85620,Medium,49,42.22,Bssn/Kominfo Statistics,internal_structured
2024-06-24,2024,6,Ddos,Kesehatan,Lainnya,418.0,6270,Critical,46,2.28,Bssn/Kominfo Statistics,internal_structured
2024-06-24,2024,6,Data Breach,Pendidikan,Dki Jakarta,863.0,11219,Low,65,137.66,Bssn/Kominfo Statistics,internal_structured
2024-06-24,2024,6,Social Engineering,Manufaktur,Sumatera Utara,996.0,44820,Medium,77,40.32,Bssn/Kominfo Statistics,internal_structured
2024-06-24,2024,6,Scam/Fraud,Transportasi,Banten,3577.375,85620,High,75,10.1,Bssn/Kominfo Statistics,internal_structured
2024-06-24,2024,6,Sql Injection,Perbankan & Keuangan,Jawa Timur,284.0,6532,High,73,7.85,Bssn/Kominfo Statistics,internal_structured
2024-06-24,2024,6,Brute Force,Teknologi Informasi,Jawa Barat,398.0,9154,Medium,59,57.87,Bssn/Kominfo Statistics,internal_structured
2024-06-24,2024,6,Apt,Telekomunikasi,Jawa Barat,191.0,2483,Low,69,108.56,Bssn/Kominfo Statistics,internal_structured
2024-06-24,2024,6,Cryptojacking,Manufaktur,Dki Jakarta,304.0,13072,Medium,61,33.42,Bssn/Kominfo Statistics,internal_structured
2024-06-24,2024,6,Zero-Day Exploit,Transportasi,Lainnya,56.0,2184,High,60,11.94,Bssn/Kominfo Statistics,internal_structured
2024-07-24,2024,7,Phishing,Retail & E-Commerce,Banten,1640.0,31160,High,40,11.87,Bssn/Kominfo Statistics,internal_structured
2024-07-24,2024,7,Ransomware,Transportasi,Kalimantan Timur,1726.0,8630,Low,53,134.86,Bssn/Kominfo Statistics,internal_structured
2024-07-24,2024,7,Malware,Telekomunikasi,Dki Jakarta,1676.0,40224,Medium,58,36.47,Bssn/Kominfo Statistics,internal_structured
2024-07-24,2024,7,Ddos,Perbankan & Keuangan,Dki Jakarta,618.0,12360,Critical,44,2.87,Bssn/Kominfo Statistics,internal_structured
2024-07-24,2024,7,Data Breach,Perbankan & Keuangan,Bali,805.0,21735,Medium,54,54.3,Bssn/Kominfo Statistics,internal_structured
2024-07-24,2024,7,Social Engineering,Pendidikan,Lainnya,949.0,32266,Medium,59,35.02,Bssn/Kominfo Statistics,internal_structured
2024-07-24,2024,7,Scam/Fraud,Pendidikan,Jawa Timur,3129.0,85620,Low,70,113.53,Bssn/Kominfo Statistics,internal_structured
2024-07-24,2024,7,Sql Injection,Retail & E-Commerce,Jawa Timur,287.0,3731,Low,55,106.24,Bssn/Kominfo Statistics,internal_structured
2024-07-24,2024,7,Brute Force,Kesehatan,Dki Jakarta,405.0,9720,Low,72,164.54,Bssn/Kominfo Statistics,internal_structured
2024-07-24,2024,7,Apt,Telekomunikasi,Dki Jakarta,88.0,4312,High,62,18.06,Bssn/Kominfo Statistics,internal_structured
2024-07-24,2024,7,Cryptojacking,Teknologi Informasi,Banten,481.0,2405,Medium,79,64.57,Bssn/Kominfo Statistics,internal_structured
2024-07-24,2024,7,Zero-Day Exploit,Pemerintahan,Dki Jakarta,24.0,792,Low,78,135.5,Bssn/Kominfo Statistics,internal_structured
2024-08-23,2024,8,Phishing,Telekomunikasi,Sumatera Utara,3225.0,85620,Medium,76,51.23,Bssn/Kominfo Statistics,internal_structured
2024-08-23,2024,8,Ransomware,Media,Dki Jakarta,1176.0,28224,Medium,84,70.9,Bssn/Kominfo Statistics,internal_structured
2024-08-23,2024,8,Malware,Media,Jawa Barat,1481.0,71088,Medium,62,35.08,Bssn/Kominfo Statistics,internal_structured
2024-08-23,2024,8,Ddos,Media,Jawa Barat,710.0,21300,Medium,55,55.45,Bssn/Kominfo Statistics,internal_structured
2024-08-23,2024,8,Data Breach,Teknologi Informasi,Jawa Barat,896.0,42112,Low,72,139.88,Bssn/Kominfo Statistics,internal_structured
2024-08-23,2024,8,Social Engineering,Retail & E-Commerce,Kalimantan Timur,2107.0,65317,Medium,68,28.12,Bssn/Kominfo Statistics,internal_structured
2024-08-23,2024,8,Scam/Fraud,Teknologi Informasi,Jawa Timur,3577.375,85620,Low,54,109.04,Bssn/Kominfo Statistics,internal_structured
2024-08-23,2024,8,Sql Injection,Pendidikan,Jawa Timur,330.0,9570,Critical,51,2.58,Bssn/Kominfo Statistics,internal_structured
2024-08-23,2024,8,Brute Force,Transportasi,Lainnya,513.0,10773,Critical,44,1.96,Bssn/Kominfo Statistics,internal_structured
2024-08-23,2024,8,Apt,Retail & E-Commerce,Jawa Timur,87.0,1131,Low,60,96.83,Bssn/Kominfo Statistics,internal_structured
2024-08-23,2024,8,Cryptojacking,Transportasi,Dki Jakarta,198.0,6138,Medium,83,54.08,Bssn/Kominfo Statistics,internal_structured
2024-08-23,2024,8,Zero-Day Exploit,Telekomunikasi,Dki Jakarta,30.0,1320,Medium,58,44.89,Bssn/Kominfo Statistics,internal_structured
2024-09-22,2024,9,Phishing,Teknologi Informasi,Dki Jakarta,1825.0,43800,High,72,11.64,Bssn/Kominfo Statistics,internal_structured
2024-09-22,2024,9,Ransomware,Transportasi,Jawa Tengah,1564.0,45356,Low,82,164.72,Bssn/Kominfo Statistics,internal_structured
2024-09-22,2024,9,Malware,Perbankan & Keuangan,Dki Jakarta,2562.0,25620,Low,78,162.68,Bssn/Kominfo Statistics,internal_structured
2024-09-22,2024,9,Ddos,Media,Banten,340.0,3060,Medium,81,45.41,Bssn/Kominfo Statistics,internal_structured
2024-09-22,2024,9,Data Breach,Telekomunikasi,Jawa Barat,537.0,3222,Medium,78,66.3,Bssn/Kominfo Statistics,internal_structured
2024-09-22,2024,9,Social Engineering,Manufaktur,Kalimantan Timur,2399.0,33586,Medium,75,24.45,Bssn/Kominfo Statistics,internal_structured
2024-09-22,2024,9,Scam/Fraud,Media,Bali,2832.0,65136,Low,41,161.4,Bssn/Kominfo Statistics,internal_structured
2024-09-22,2024,9,Sql Injection,Transportasi,Banten,245.0,10045,High,55,12.9,Bssn/Kominfo Statistics,internal_structured
2024-09-22,2024,9,Brute Force,Pendidikan,Sulawesi Selatan,639.0,10863,Low,80,90.19,Bssn/Kominfo Statistics,internal_structured
2024-09-22,2024,9,Apt,Manufaktur,Lainnya,106.0,530,High,57,8.12,Bssn/Kominfo Statistics,internal_structured
2024-09-22,2024,9,Cryptojacking,Transportasi,Jawa Barat,418.0,18810,High,60,8.92,Bssn/Kominfo Statistics,internal_structured
2024-09-22,2024,9,Zero-Day Exploit,Retail & E-Commerce,Jawa Barat,56.0,2688,High,65,8.42,Bssn/Kominfo Statistics,internal_structured
2024-10-22,2024,10,Phishing,Retail & E-Commerce,Dki Jakarta,2997.0,85620,High,60,20.81,Bssn/Kominfo Statistics,internal_structured
2024-10-22,2024,10,Ransomware,Transportasi,Dki Jakarta,534.0,16554,Medium,55,65.16,Bssn/Kominfo Statistics,internal_structured
2024-10-22,2024,10,Malware,Pemerintahan,Sulawesi Selatan,1961.0,25493,Low,75,123.47,Bssn/Kominfo Statistics,internal_structured
2024-10-22,2024,10,Ddos,Energi,Banten,515.0,24205,Low,80,92.65,Bssn/Kominfo Statistics,internal_structured
2024-10-22,2024,10,Data Breach,Energi,Dki Jakarta,376.0,9776,Medium,49,25.73,Bssn/Kominfo Statistics,internal_structured
2024-10-22,2024,10,Social Engineering,Retail & E-Commerce,Jawa Timur,1651.0,36322,Critical,43,5.85,Bssn/Kominfo Statistics,internal_structured
2024-10-22,2024,10,Scam/Fraud,Energi,Jawa Tengah,3577.375,85620,Low,80,103.51,Bssn/Kominfo Statistics,internal_structured
2024-10-22,2024,10,Sql Injection,Media,Dki Jakarta,190.0,3610,High,58,12.16,Bssn/Kominfo Statistics,internal_structured
2024-10-22,2024,10,Brute Force,Manufaktur,Dki Jakarta,732.0,10248,Medium,79,63.18,Bssn/Kominfo Statistics,internal_structured
2024-10-22,2024,10,Apt,Energi,Jawa Tengah,182.0,2730,Critical,65,1.8,Bssn/Kominfo Statistics,internal_structured
2024-10-22,2024,10,Cryptojacking,Pemerintahan,Dki Jakarta,202.0,1212,Medium,55,35.42,Bssn/Kominfo Statistics,internal_structured
2024-10-22,2024,10,Zero-Day Exploit,Media,Jawa Timur,54.0,648,Medium,48,31.61,Bssn/Kominfo Statistics,internal_structured
2024-11-21,2024,11,Phishing,Telekomunikasi,Banten,2058.0,85620,High,50,16.43,Bssn/Kominfo Statistics,internal_structured
2024-11-21,2024,11,Ransomware,Media,Jawa Timur,1035.0,42435,High,71,7.96,Bssn/Kominfo Statistics,internal_structured
2024-11-21,2024,11,Malware,Pemerintahan,Jawa Barat,1784.0,85620,Critical,84,2.08,Bssn/Kominfo Statistics,internal_structured
2024-11-21,2024,11,Ddos,Retail & E-Commerce,Jawa Barat,875.0,8750,Medium,43,60.06,Bssn/Kominfo Statistics,internal_structured
2024-11-21,2024,11,Data Breach,Energi,Sumatera Utara,339.0,15594,High,85,16.47,Bssn/Kominfo Statistics,internal_structured
2024-11-21,2024,11,Social Engineering,Pendidikan,Dki Jakarta,2435.0,14610,Low,75,92.58,Bssn/Kominfo Statistics,internal_structured
2024-11-21,2024,11,Scam/Fraud,Pemerintahan,Sulawesi Selatan,3577.375,85620,High,60,7.72,Bssn/Kominfo Statistics,internal_structured
2024-11-21,2024,11,Sql Injection,Perbankan & Keuangan,Dki Jakarta,154.0,5698,Medium,44,61.23,Bssn/Kominfo Statistics,internal_structured
2024-11-21,2024,11,Brute Force,Retail & E-Commerce,Dki Jakarta,694.0,7634,Medium,41,28.19,Bssn/Kominfo Statistics,internal_structured
2024-11-21,2024,11,Apt,Media,Sulawesi Selatan,162.0,1458,Medium,42,42.77,Bssn/Kominfo Statistics,internal_structured
2024-11-21,2024,11,Cryptojacking,Perbankan & Keuangan,Jawa Barat,424.0,16960,Medium,62,51.33,Bssn/Kominfo Statistics,internal_structured
2024-11-21,2024,11,Zero-Day Exploit,Transportasi,Sulawesi Selatan,56.0,504,High,78,9.77,Bssn/Kominfo Statistics,internal_structured
