title,url,source,date,content,scraped_at,data_type
Yang sedang ramai dicari,https://inet.detik.com/,Detik,2025-12-22,detikInet - Berita Teknologi Informasi Gadget Terbaru Hari ini detikcom Terpopuler Live TV Kirim Tulisan Kategori Berita detikNews detikFinance detikInet detikHot detikSport Sepakbola detikOto detikTravel detikFood detikHealth Wolipop DetikX 20Detik detikFoto detikEdu detikHikmah detikProperti detikPop Daerah detikJateng detikJatim detikJabar detikSulsel detikSumut detikBali detikSumbagsel detikJogja detikKalimantan Layanan For Your Business Pasang Mata adsmart detikEvent Trans Snow World Trans Studio Flying Over Indonesia berbuatbaik.id ziswafctarsa.id Signature Awards Bingkai.id Trans Hotel Group Community Connect NEW Rekomendit NEW Detik Network CNN Indonesia CNBC Indonesia Hai Bunda InsertLive Beautynesia Female Daily CXO Media Cancel Yang sedang ramai dicari Loading... Promoted Terakhir yang dicari Loading... Home Cyberlife Gadget Games & Esport Business & Policy Science Telecommunication Tips & Trik Foto Video Indeks Home Cyberlife Gadget Games & Esport Business & Policy Science ,2025-12-22 08:10:04,
Perjalanan Kedua Pakaian Bekas di MRT,https://news.detik.com/x/,Detik,21 Des 2025,"detikX - Informasi Mendalam dan Interaktif Search Masukkan kata pencarian minimal 3 karakter Search Detikcom Home Investigasi Spotlight Intermeso Crimestory Indeks Search intermeso Minggu, 21 Des 2025 Perjalanan Kedua Pakaian Bekas di MRT Dropbox pakaian bekas di stasiun MRT Jakarta mengajak penumpang menyumbangkan baju lama agar tidak dibuang, melainkan diolah kembali Selengkapnya... Indeks Copyright @ 2025 detikcom, All right reserved · Redaksi · Pedoman Media Siber · Karir · Kotak Pos · Info Iklan · Privacy Policy · Disclaimer",2025-12-22 08:10:47,
Yang sedang ramai dicari,https://inet.detik.com/,Detik,2025-12-22,detikInet - Berita Teknologi Informasi Gadget Terbaru Hari ini detikcom Terpopuler Live TV Kirim Tulisan Kategori Berita detikNews detikFinance detikInet detikHot detikSport Sepakbola detikOto detikTravel detikFood detikHealth Wolipop DetikX 20Detik detikFoto detikEdu detikHikmah detikProperti detikPop Daerah detikJateng detikJatim detikJabar detikSulsel detikSumut detikBali detikSumbagsel detikJogja detikKalimantan Layanan For Your Business Pasang Mata adsmart detikEvent Trans Snow World Trans Studio Flying Over Indonesia berbuatbaik.id ziswafctarsa.id Signature Awards Bingkai.id Trans Hotel Group Community Connect NEW Rekomendit NEW Detik Network CNN Indonesia CNBC Indonesia Hai Bunda InsertLive Beautynesia Female Daily CXO Media Cancel Yang sedang ramai dicari Loading... Promoted Terakhir yang dicari Loading... Home Cyberlife Gadget Games & Esport Business & Policy Science Telecommunication Tips & Trik Foto Video Indeks Home Cyberlife Gadget Games & Esport Business & Policy Science ,2025-12-22 08:12:14,
Perjalanan Kedua Pakaian Bekas di MRT,https://news.detik.com/x/,Detik,21 Des 2025,"detikX - Informasi Mendalam dan Interaktif Search Masukkan kata pencarian minimal 3 karakter Search Detikcom Home Investigasi Spotlight Intermeso Crimestory Indeks Search intermeso Minggu, 21 Des 2025 Perjalanan Kedua Pakaian Bekas di MRT Dropbox pakaian bekas di stasiun MRT Jakarta mengajak penumpang menyumbangkan baju lama agar tidak dibuang, melainkan diolah kembali Selengkapnya... Indeks Copyright @ 2025 detikcom, All right reserved · Redaksi · Pedoman Media Siber · Karir · Kotak Pos · Info Iklan · Privacy Policy · Disclaimer",2025-12-22 08:12:59,
Ancaman Kejahatan Siber di Balik Iklan Judol dan Upaya Kemkomdigi Tingkatkan Literasi Digital,https://www.tempo.co/info-tempo/ancaman-kejahatan-siber-di-balik-iklan-judol-dan-upaya-kemkomdigi-tingkatkan-literasi-digital-2099755,Tempo,17 Desember 2025,"PerbesarIlustrasi iklan judi online yang marak beredar di ruang digital. TEMPO/Rega WijayaINFO NASIONAL - Judi online atau judol kini kian mengakar di tengah masyarakat, menjangkau berbagai kelompok usia dan latar belakang sosial. Kemudahan akses melalui ponsel pintar dan media sosial membuat praktik ini berkembang pesat dan semakin sulit dibendung, seiring masifnya promosi yang menyasar ruang digital sehari-hari.Di balik itu semua, yang tidak banyak disadari adalah satu klik pada iklan judol tidak hanya berisiko menguras saldo rekening dan menimbulkan kerugian ekonomi, tetapi juga membuka celah pencurian data pribadi hingga kejahatan siber. Ancaman ini kerap luput dari perhatian publik yang masih memandang judi online sebatas persoalan finansial, tanpa menyadari risiko kejahatan digital yang jauh lebih luas. Scroll ke bawah untuk melanjutkan membaca Iklan Guru Besar Fakultas Ilmu Komputer Universitas Indonesia, Yudho Giri Sucahyo mengatakan, setiap serangan siber membutuhkan pintu mas",2025-12-22 08:17:44,
Rintis Sejahtera Gaungkan Ketahanan Siber lewat Pertemuan di Bali,https://www.tempo.co/info-tempo/rintis-sejahtera-gaungkan-ketahanan-siber-lewat-pertemuan-di-bali-2085312,Tempo,1 November 2025,"PerbesarPRIMA Executive Gathering 2025 yang digelar di The Mulia Resort, Nusa Dua, Bali, Kamis, 23 Oktober 2025. Dok. PRIMA ExecutiveMEMO BISNIS — Ancaman kejahatan siber yang terus terjadi mendorong PT Rintis Sejahtera (RINTIS), pengelola jaringan pembayaran PRIMA, menggelar pertemuan atau PRIMA Executive Gathering 2025 di The Mulia Resort, Nusa Dua, Bali, Kamis, pada 23 Oktober 2025.Melalui tema yang diusung, “Beyond Resilience: Accelerating Impact – Progressive Growth”, RINTIS menunjukkan tekadnya untuk memperkuat sistem keamanan siber lewat kolaborasi dan inovasi.“Resiliensi tidak bisa dibangun sendirian. Diperlukan kolaborasi antara pelaku industri dan regulator untuk memperkuat sistem keamanan pembayaran,” kata Direktur Utama RINTIS, Iwan Setiawan.Sebagai bagian dari infrastruktur sistem keuangan nasional, RINTIS menilai sistem pembayaran tak hanya berfungsi sebagai jembatan transaksi, melainkan juga urat nadi ekonomi digital. Karena itu, investasi dalam keamanan siber dan pening",2025-12-22 08:17:50,
"BNI Soroti Pentingnya Jaga Tiga Data Pribadi, Hindari Kejahatan Siber",https://www.tempo.co/info-tempo/bni-soroti-pentingnya-jaga-tiga-data-pribadi-hindari-kejahatan-siber-2053204,Tempo,31 Juli 2025,"PerbesarBNI mengimbau masyarakat menjaga data sensitif agar terhindar dari penipuan digital. Dok. BNIINFO BISNIS - PT Bank Negara Indonesia (Persero) Tbk atau BNI mengingatkan masyarakat agar lebih waspada terhadap perlindungan data pribadi, sebagai respons dari maraknya kejahatan siber. Corporate Secretary BNI, Okki Rushartomo menekankan pentingnya menjaga tiga jenis data sensitif, yakni nama lengkap, nomor WhatsApp aktif, dan informasi saldo rekening. Ketiga data tersebut kerap dijadikan modal awal bagi pelaku untuk melakukan aksi social engineering.“Nasabah perlu menjaga tiga jenis data yang kami sebut sebagai data sensitif, yakni nama lengkap, nomor WhatsApp yang aktif, dan informasi saldo. Ketiga data ini sangat rentan disalahgunakan oleh pihak tidak bertanggung jawab untuk menjalankan aksi kejahatan perbankan,” ujar Okki. Scroll ke bawah untuk melanjutkan membaca Iklan Pelaku umumnya membangun narasi yang seolah-olah resmi, seperti penawaran hadiah atau program promosi, untuk men",2025-12-22 08:17:54,
442 Kasus Penipuan Online Menyerang Sektor Telekomunikasi di Banten,https://example.com/news/0,CNN Indonesia,2024-10-15,Kejadian penipuan online yang menargetkan sektor telekomunikasi di Banten semakin marak terjadi. Pihak berwenang mencatat adanya peningkatan kasus dalam beberapa bulan terakhir. Para pelaku menggunakan modus penipuan online untuk mengakses data sensitif korban. Kerugian material yang ditimbulkan cukup signifikan. Masyarakat diminta untuk lebih waspada terhadap berbagai bentuk kejahatan siber yang semakin canggih.,2025-12-22 08:20:04,generated_from_patterns
BSSN Deteksi 447 Serangan Phishing ke Perbankan,https://example.com/news/1,Tempo.co,2024-03-20,Kejadian phishing yang menargetkan sektor perbankan di Sulawesi Selatan semakin marak terjadi. Pihak berwenang mencatat adanya peningkatan kasus dalam beberapa bulan terakhir. Para pelaku menggunakan modus phishing untuk mengakses data sensitif korban. Kerugian material yang ditimbulkan cukup signifikan. Masyarakat diminta untuk lebih waspada terhadap berbagai bentuk kejahatan siber yang semakin canggih.,2025-12-22 08:20:04,generated_from_patterns
Polisi Ungkap Penipuan Online yang Rugikan Pemerintahan Hingga Rp 383 Juta,https://example.com/news/2,CNN Indonesia,2024-08-11,Kejadian penipuan online yang menargetkan sektor pemerintahan di Bali semakin marak terjadi. Pihak berwenang mencatat adanya peningkatan kasus dalam beberapa bulan terakhir. Para pelaku menggunakan modus penipuan online untuk mengakses data sensitif korban. Kerugian material yang ditimbulkan cukup signifikan. Masyarakat diminta untuk lebih waspada terhadap berbagai bentuk kejahatan siber yang semakin canggih.,2025-12-22 08:20:04,generated_from_patterns
Waspada! Phishing Meningkat 21% di Bali,https://example.com/news/3,Kompas.com,2023-10-08,Kejadian phishing yang menargetkan sektor kesehatan di Bali semakin marak terjadi. Pihak berwenang mencatat adanya peningkatan kasus dalam beberapa bulan terakhir. Para pelaku menggunakan modus phishing untuk mengakses data sensitif korban. Kerugian material yang ditimbulkan cukup signifikan. Masyarakat diminta untuk lebih waspada terhadap berbagai bentuk kejahatan siber yang semakin canggih.,2025-12-22 08:20:04,generated_from_patterns
Polisi Ungkap Penipuan Online yang Rugikan UMKM Hingga Rp 4842 Juta,https://example.com/news/4,Detik.com,2023-08-30,Kejadian penipuan online yang menargetkan sektor umkm di Jawa Barat semakin marak terjadi. Pihak berwenang mencatat adanya peningkatan kasus dalam beberapa bulan terakhir. Para pelaku menggunakan modus penipuan online untuk mengakses data sensitif korban. Kerugian material yang ditimbulkan cukup signifikan. Masyarakat diminta untuk lebih waspada terhadap berbagai bentuk kejahatan siber yang semakin canggih.,2025-12-22 08:20:04,generated_from_patterns
497 Kasus Scam Menyerang Sektor Kesehatan di Sumatera Utara,https://example.com/news/5,CNN Indonesia,2024-05-16,Kejadian scam yang menargetkan sektor kesehatan di Sumatera Utara semakin marak terjadi. Pihak berwenang mencatat adanya peningkatan kasus dalam beberapa bulan terakhir. Para pelaku menggunakan modus scam untuk mengakses data sensitif korban. Kerugian material yang ditimbulkan cukup signifikan. Masyarakat diminta untuk lebih waspada terhadap berbagai bentuk kejahatan siber yang semakin canggih.,2025-12-22 08:20:04,generated_from_patterns
Kominfo: 303 Laporan Data Breach dalam Sebulan Terakhir,https://example.com/news/6,CNN Indonesia,2023-01-24,Kejadian data breach yang menargetkan sektor perbankan di DKI Jakarta semakin marak terjadi. Pihak berwenang mencatat adanya peningkatan kasus dalam beberapa bulan terakhir. Para pelaku menggunakan modus data breach untuk mengakses data sensitif korban. Kerugian material yang ditimbulkan cukup signifikan. Masyarakat diminta untuk lebih waspada terhadap berbagai bentuk kejahatan siber yang semakin canggih.,2025-12-22 08:20:04,generated_from_patterns
477 Kasus Penipuan Online Menyerang Sektor E-commerce di Sumatera Utara,https://example.com/news/7,Kompas.com,2023-01-27,Kejadian penipuan online yang menargetkan sektor e-commerce di Sumatera Utara semakin marak terjadi. Pihak berwenang mencatat adanya peningkatan kasus dalam beberapa bulan terakhir. Para pelaku menggunakan modus penipuan online untuk mengakses data sensitif korban. Kerugian material yang ditimbulkan cukup signifikan. Masyarakat diminta untuk lebih waspada terhadap berbagai bentuk kejahatan siber yang semakin canggih.,2025-12-22 08:20:04,generated_from_patterns
Kesehatan di Sulawesi Selatan Jadi Target Phishing,https://example.com/news/8,CNN Indonesia,2024-04-27,Kejadian phishing yang menargetkan sektor kesehatan di Sulawesi Selatan semakin marak terjadi. Pihak berwenang mencatat adanya peningkatan kasus dalam beberapa bulan terakhir. Para pelaku menggunakan modus phishing untuk mengakses data sensitif korban. Kerugian material yang ditimbulkan cukup signifikan. Masyarakat diminta untuk lebih waspada terhadap berbagai bentuk kejahatan siber yang semakin canggih.,2025-12-22 08:20:04,generated_from_patterns
30 Kasus Social Engineering Menyerang Sektor Kesehatan di Jawa Timur,https://example.com/news/9,Tempo.co,2023-02-10,Kejadian social engineering yang menargetkan sektor kesehatan di Jawa Timur semakin marak terjadi. Pihak berwenang mencatat adanya peningkatan kasus dalam beberapa bulan terakhir. Para pelaku menggunakan modus social engineering untuk mengakses data sensitif korban. Kerugian material yang ditimbulkan cukup signifikan. Masyarakat diminta untuk lebih waspada terhadap berbagai bentuk kejahatan siber yang semakin canggih.,2025-12-22 08:20:04,generated_from_patterns
Serangan Scam ke Pemerintahan Naik 48% di 2023,https://example.com/news/10,Detik.com,2024-04-28,Kejadian scam yang menargetkan sektor pemerintahan di Jawa Barat semakin marak terjadi. Pihak berwenang mencatat adanya peningkatan kasus dalam beberapa bulan terakhir. Para pelaku menggunakan modus scam untuk mengakses data sensitif korban. Kerugian material yang ditimbulkan cukup signifikan. Masyarakat diminta untuk lebih waspada terhadap berbagai bentuk kejahatan siber yang semakin canggih.,2025-12-22 08:20:04,generated_from_patterns
Bali Catat 294 Kasus Ransomware pada Juni,https://example.com/news/11,Kompas.com,2023-04-12,Kejadian ransomware yang menargetkan sektor kesehatan di Bali semakin marak terjadi. Pihak berwenang mencatat adanya peningkatan kasus dalam beberapa bulan terakhir. Para pelaku menggunakan modus ransomware untuk mengakses data sensitif korban. Kerugian material yang ditimbulkan cukup signifikan. Masyarakat diminta untuk lebih waspada terhadap berbagai bentuk kejahatan siber yang semakin canggih.,2025-12-22 08:20:04,generated_from_patterns
173 Kasus Phishing Menyerang Sektor UMKM di Sulawesi Selatan,https://example.com/news/12,Kompas.com,2024-10-14,Kejadian phishing yang menargetkan sektor umkm di Sulawesi Selatan semakin marak terjadi. Pihak berwenang mencatat adanya peningkatan kasus dalam beberapa bulan terakhir. Para pelaku menggunakan modus phishing untuk mengakses data sensitif korban. Kerugian material yang ditimbulkan cukup signifikan. Masyarakat diminta untuk lebih waspada terhadap berbagai bentuk kejahatan siber yang semakin canggih.,2025-12-22 08:20:04,generated_from_patterns
BSSN Deteksi 495 Serangan DDoS ke Pemerintahan,https://example.com/news/13,CNN Indonesia,2023-05-21,Kejadian ddos yang menargetkan sektor pemerintahan di Sulawesi Selatan semakin marak terjadi. Pihak berwenang mencatat adanya peningkatan kasus dalam beberapa bulan terakhir. Para pelaku menggunakan modus ddos untuk mengakses data sensitif korban. Kerugian material yang ditimbulkan cukup signifikan. Masyarakat diminta untuk lebih waspada terhadap berbagai bentuk kejahatan siber yang semakin canggih.,2025-12-22 08:20:04,generated_from_patterns
Kerugian Malware Capai Rp 3618 Juta di Jawa Tengah,https://example.com/news/14,Detik.com,2023-05-13,Kejadian malware yang menargetkan sektor telekomunikasi di Jawa Tengah semakin marak terjadi. Pihak berwenang mencatat adanya peningkatan kasus dalam beberapa bulan terakhir. Para pelaku menggunakan modus malware untuk mengakses data sensitif korban. Kerugian material yang ditimbulkan cukup signifikan. Masyarakat diminta untuk lebih waspada terhadap berbagai bentuk kejahatan siber yang semakin canggih.,2025-12-22 08:20:04,generated_from_patterns
Kerugian DDoS Capai Rp 4602 Juta di Jawa Tengah,https://example.com/news/15,CNN Indonesia,2023-07-30,Kejadian ddos yang menargetkan sektor kesehatan di Jawa Tengah semakin marak terjadi. Pihak berwenang mencatat adanya peningkatan kasus dalam beberapa bulan terakhir. Para pelaku menggunakan modus ddos untuk mengakses data sensitif korban. Kerugian material yang ditimbulkan cukup signifikan. Masyarakat diminta untuk lebih waspada terhadap berbagai bentuk kejahatan siber yang semakin canggih.,2025-12-22 08:20:04,generated_from_patterns
Kominfo: 422 Laporan Malware dalam Sebulan Terakhir,https://example.com/news/16,Tempo.co,2024-02-24,Kejadian malware yang menargetkan sektor e-commerce di Bali semakin marak terjadi. Pihak berwenang mencatat adanya peningkatan kasus dalam beberapa bulan terakhir. Para pelaku menggunakan modus malware untuk mengakses data sensitif korban. Kerugian material yang ditimbulkan cukup signifikan. Masyarakat diminta untuk lebih waspada terhadap berbagai bentuk kejahatan siber yang semakin canggih.,2025-12-22 08:20:04,generated_from_patterns
158 Kasus Phishing Menyerang Sektor Perbankan di Jawa Timur,https://example.com/news/17,CNN Indonesia,2024-08-12,Kejadian phishing yang menargetkan sektor perbankan di Jawa Timur semakin marak terjadi. Pihak berwenang mencatat adanya peningkatan kasus dalam beberapa bulan terakhir. Para pelaku menggunakan modus phishing untuk mengakses data sensitif korban. Kerugian material yang ditimbulkan cukup signifikan. Masyarakat diminta untuk lebih waspada terhadap berbagai bentuk kejahatan siber yang semakin canggih.,2025-12-22 08:20:04,generated_from_patterns
BSSN Deteksi 482 Serangan Ransomware ke E-commerce,https://example.com/news/18,Detik.com,2023-09-09,Kejadian ransomware yang menargetkan sektor e-commerce di Sulawesi Selatan semakin marak terjadi. Pihak berwenang mencatat adanya peningkatan kasus dalam beberapa bulan terakhir. Para pelaku menggunakan modus ransomware untuk mengakses data sensitif korban. Kerugian material yang ditimbulkan cukup signifikan. Masyarakat diminta untuk lebih waspada terhadap berbagai bentuk kejahatan siber yang semakin canggih.,2025-12-22 08:20:04,generated_from_patterns
Polda Sulawesi Selatan Tangani 151 Kasus Ransomware,https://example.com/news/19,Detik.com,2023-06-30,Kejadian ransomware yang menargetkan sektor pemerintahan di Sulawesi Selatan semakin marak terjadi. Pihak berwenang mencatat adanya peningkatan kasus dalam beberapa bulan terakhir. Para pelaku menggunakan modus ransomware untuk mengakses data sensitif korban. Kerugian material yang ditimbulkan cukup signifikan. Masyarakat diminta untuk lebih waspada terhadap berbagai bentuk kejahatan siber yang semakin canggih.,2025-12-22 08:20:04,generated_from_patterns
Polda Jawa Barat Tangani 186 Kasus Social Engineering,https://example.com/news/20,Kompas.com,2023-09-29,Kejadian social engineering yang menargetkan sektor perbankan di Jawa Barat semakin marak terjadi. Pihak berwenang mencatat adanya peningkatan kasus dalam beberapa bulan terakhir. Para pelaku menggunakan modus social engineering untuk mengakses data sensitif korban. Kerugian material yang ditimbulkan cukup signifikan. Masyarakat diminta untuk lebih waspada terhadap berbagai bentuk kejahatan siber yang semakin canggih.,2025-12-22 08:20:04,generated_from_patterns
68 Kasus Data Breach Menyerang Sektor Pemerintahan di Jawa Timur,https://example.com/news/21,Kompas.com,2023-12-14,Kejadian data breach yang menargetkan sektor pemerintahan di Jawa Timur semakin marak terjadi. Pihak berwenang mencatat adanya peningkatan kasus dalam beberapa bulan terakhir. Para pelaku menggunakan modus data breach untuk mengakses data sensitif korban. Kerugian material yang ditimbulkan cukup signifikan. Masyarakat diminta untuk lebih waspada terhadap berbagai bentuk kejahatan siber yang semakin canggih.,2025-12-22 08:20:04,generated_from_patterns
427 Kasus Social Engineering Menyerang Sektor E-commerce di Jawa Timur,https://example.com/news/22,CNN Indonesia,2024-10-18,Kejadian social engineering yang menargetkan sektor e-commerce di Jawa Timur semakin marak terjadi. Pihak berwenang mencatat adanya peningkatan kasus dalam beberapa bulan terakhir. Para pelaku menggunakan modus social engineering untuk mengakses data sensitif korban. Kerugian material yang ditimbulkan cukup signifikan. Masyarakat diminta untuk lebih waspada terhadap berbagai bentuk kejahatan siber yang semakin canggih.,2025-12-22 08:20:04,generated_from_patterns
Polda Jawa Tengah Tangani 456 Kasus Data Breach,https://example.com/news/23,Tempo.co,2023-02-19,Kejadian data breach yang menargetkan sektor umkm di Jawa Tengah semakin marak terjadi. Pihak berwenang mencatat adanya peningkatan kasus dalam beberapa bulan terakhir. Para pelaku menggunakan modus data breach untuk mengakses data sensitif korban. Kerugian material yang ditimbulkan cukup signifikan. Masyarakat diminta untuk lebih waspada terhadap berbagai bentuk kejahatan siber yang semakin canggih.,2025-12-22 08:20:04,generated_from_patterns
Sulawesi Selatan Catat 451 Kasus Malware pada Februari,https://example.com/news/24,Tempo.co,2023-10-31,Kejadian malware yang menargetkan sektor kesehatan di Sulawesi Selatan semakin marak terjadi. Pihak berwenang mencatat adanya peningkatan kasus dalam beberapa bulan terakhir. Para pelaku menggunakan modus malware untuk mengakses data sensitif korban. Kerugian material yang ditimbulkan cukup signifikan. Masyarakat diminta untuk lebih waspada terhadap berbagai bentuk kejahatan siber yang semakin canggih.,2025-12-22 08:20:04,generated_from_patterns
Waspada! Ransomware Meningkat 36% di DKI Jakarta,https://example.com/news/25,Tempo.co,2024-01-15,Kejadian ransomware yang menargetkan sektor e-commerce di DKI Jakarta semakin marak terjadi. Pihak berwenang mencatat adanya peningkatan kasus dalam beberapa bulan terakhir. Para pelaku menggunakan modus ransomware untuk mengakses data sensitif korban. Kerugian material yang ditimbulkan cukup signifikan. Masyarakat diminta untuk lebih waspada terhadap berbagai bentuk kejahatan siber yang semakin canggih.,2025-12-22 08:20:04,generated_from_patterns
Polisi Ungkap Penipuan Online yang Rugikan E-commerce Hingga Rp 2690 Juta,https://example.com/news/26,Detik.com,2024-10-27,Kejadian penipuan online yang menargetkan sektor e-commerce di Banten semakin marak terjadi. Pihak berwenang mencatat adanya peningkatan kasus dalam beberapa bulan terakhir. Para pelaku menggunakan modus penipuan online untuk mengakses data sensitif korban. Kerugian material yang ditimbulkan cukup signifikan. Masyarakat diminta untuk lebih waspada terhadap berbagai bentuk kejahatan siber yang semakin canggih.,2025-12-22 08:20:04,generated_from_patterns
E-commerce di Bali Jadi Target Social Engineering,https://example.com/news/27,CNN Indonesia,2024-10-20,Kejadian social engineering yang menargetkan sektor e-commerce di Bali semakin marak terjadi. Pihak berwenang mencatat adanya peningkatan kasus dalam beberapa bulan terakhir. Para pelaku menggunakan modus social engineering untuk mengakses data sensitif korban. Kerugian material yang ditimbulkan cukup signifikan. Masyarakat diminta untuk lebih waspada terhadap berbagai bentuk kejahatan siber yang semakin canggih.,2025-12-22 08:20:04,generated_from_patterns
210 Kasus Malware Menyerang Sektor Telekomunikasi di Jawa Tengah,https://example.com/news/28,Kompas.com,2024-09-13,Kejadian malware yang menargetkan sektor telekomunikasi di Jawa Tengah semakin marak terjadi. Pihak berwenang mencatat adanya peningkatan kasus dalam beberapa bulan terakhir. Para pelaku menggunakan modus malware untuk mengakses data sensitif korban. Kerugian material yang ditimbulkan cukup signifikan. Masyarakat diminta untuk lebih waspada terhadap berbagai bentuk kejahatan siber yang semakin canggih.,2025-12-22 08:20:04,generated_from_patterns
Kominfo: 291 Laporan Ransomware dalam Sebulan Terakhir,https://example.com/news/29,Tempo.co,2023-12-26,Kejadian ransomware yang menargetkan sektor perbankan di Jawa Tengah semakin marak terjadi. Pihak berwenang mencatat adanya peningkatan kasus dalam beberapa bulan terakhir. Para pelaku menggunakan modus ransomware untuk mengakses data sensitif korban. Kerugian material yang ditimbulkan cukup signifikan. Masyarakat diminta untuk lebih waspada terhadap berbagai bentuk kejahatan siber yang semakin canggih.,2025-12-22 08:20:04,generated_from_patterns
Waspada! Scam Meningkat 32% di Sumatera Utara,https://example.com/news/30,CNN Indonesia,2023-10-15,Kejadian scam yang menargetkan sektor telekomunikasi di Sumatera Utara semakin marak terjadi. Pihak berwenang mencatat adanya peningkatan kasus dalam beberapa bulan terakhir. Para pelaku menggunakan modus scam untuk mengakses data sensitif korban. Kerugian material yang ditimbulkan cukup signifikan. Masyarakat diminta untuk lebih waspada terhadap berbagai bentuk kejahatan siber yang semakin canggih.,2025-12-22 08:20:04,generated_from_patterns
Kominfo: 17 Laporan Social Engineering dalam Sebulan Terakhir,https://example.com/news/31,CNN Indonesia,2024-11-19,Kejadian social engineering yang menargetkan sektor pendidikan di DKI Jakarta semakin marak terjadi. Pihak berwenang mencatat adanya peningkatan kasus dalam beberapa bulan terakhir. Para pelaku menggunakan modus social engineering untuk mengakses data sensitif korban. Kerugian material yang ditimbulkan cukup signifikan. Masyarakat diminta untuk lebih waspada terhadap berbagai bentuk kejahatan siber yang semakin canggih.,2025-12-22 08:20:04,generated_from_patterns
Polda Sulawesi Selatan Tangani 79 Kasus Phishing,https://example.com/news/32,Detik.com,2023-09-04,Kejadian phishing yang menargetkan sektor perbankan di Sulawesi Selatan semakin marak terjadi. Pihak berwenang mencatat adanya peningkatan kasus dalam beberapa bulan terakhir. Para pelaku menggunakan modus phishing untuk mengakses data sensitif korban. Kerugian material yang ditimbulkan cukup signifikan. Masyarakat diminta untuk lebih waspada terhadap berbagai bentuk kejahatan siber yang semakin canggih.,2025-12-22 08:20:04,generated_from_patterns
BSSN Deteksi 31 Serangan Malware ke UMKM,https://example.com/news/33,Kompas.com,2024-02-03,Kejadian malware yang menargetkan sektor umkm di DKI Jakarta semakin marak terjadi. Pihak berwenang mencatat adanya peningkatan kasus dalam beberapa bulan terakhir. Para pelaku menggunakan modus malware untuk mengakses data sensitif korban. Kerugian material yang ditimbulkan cukup signifikan. Masyarakat diminta untuk lebih waspada terhadap berbagai bentuk kejahatan siber yang semakin canggih.,2025-12-22 08:20:04,generated_from_patterns
Polisi Ungkap Scam yang Rugikan Perbankan Hingga Rp 1552 Juta,https://example.com/news/34,Kompas.com,2024-05-25,Kejadian scam yang menargetkan sektor perbankan di Sumatera Utara semakin marak terjadi. Pihak berwenang mencatat adanya peningkatan kasus dalam beberapa bulan terakhir. Para pelaku menggunakan modus scam untuk mengakses data sensitif korban. Kerugian material yang ditimbulkan cukup signifikan. Masyarakat diminta untuk lebih waspada terhadap berbagai bentuk kejahatan siber yang semakin canggih.,2025-12-22 08:20:04,generated_from_patterns
Kerugian DDoS Capai Rp 4353 Juta di Banten,https://example.com/news/35,Tempo.co,2023-08-27,Kejadian ddos yang menargetkan sektor umkm di Banten semakin marak terjadi. Pihak berwenang mencatat adanya peningkatan kasus dalam beberapa bulan terakhir. Para pelaku menggunakan modus ddos untuk mengakses data sensitif korban. Kerugian material yang ditimbulkan cukup signifikan. Masyarakat diminta untuk lebih waspada terhadap berbagai bentuk kejahatan siber yang semakin canggih.,2025-12-22 08:20:04,generated_from_patterns
BSSN Deteksi 118 Serangan Data Breach ke Kesehatan,https://example.com/news/36,CNN Indonesia,2024-09-08,Kejadian data breach yang menargetkan sektor kesehatan di Jawa Tengah semakin marak terjadi. Pihak berwenang mencatat adanya peningkatan kasus dalam beberapa bulan terakhir. Para pelaku menggunakan modus data breach untuk mengakses data sensitif korban. Kerugian material yang ditimbulkan cukup signifikan. Masyarakat diminta untuk lebih waspada terhadap berbagai bentuk kejahatan siber yang semakin canggih.,2025-12-22 08:20:04,generated_from_patterns
Polda Jawa Barat Tangani 63 Kasus Scam,https://example.com/news/37,Tempo.co,2024-02-08,Kejadian scam yang menargetkan sektor pendidikan di Jawa Barat semakin marak terjadi. Pihak berwenang mencatat adanya peningkatan kasus dalam beberapa bulan terakhir. Para pelaku menggunakan modus scam untuk mengakses data sensitif korban. Kerugian material yang ditimbulkan cukup signifikan. Masyarakat diminta untuk lebih waspada terhadap berbagai bentuk kejahatan siber yang semakin canggih.,2025-12-22 08:20:04,generated_from_patterns
Polda Jawa Tengah Tangani 447 Kasus Malware,https://example.com/news/38,CNN Indonesia,2023-12-27,Kejadian malware yang menargetkan sektor perbankan di Jawa Tengah semakin marak terjadi. Pihak berwenang mencatat adanya peningkatan kasus dalam beberapa bulan terakhir. Para pelaku menggunakan modus malware untuk mengakses data sensitif korban. Kerugian material yang ditimbulkan cukup signifikan. Masyarakat diminta untuk lebih waspada terhadap berbagai bentuk kejahatan siber yang semakin canggih.,2025-12-22 08:20:04,generated_from_patterns
Polisi Ungkap Scam yang Rugikan Perbankan Hingga Rp 2341 Juta,https://example.com/news/39,CNN Indonesia,2023-09-01,Kejadian scam yang menargetkan sektor perbankan di Jawa Barat semakin marak terjadi. Pihak berwenang mencatat adanya peningkatan kasus dalam beberapa bulan terakhir. Para pelaku menggunakan modus scam untuk mengakses data sensitif korban. Kerugian material yang ditimbulkan cukup signifikan. Masyarakat diminta untuk lebih waspada terhadap berbagai bentuk kejahatan siber yang semakin canggih.,2025-12-22 08:20:04,generated_from_patterns
Pendidikan di Sumatera Utara Jadi Target Social Engineering,https://example.com/news/40,Detik.com,2024-07-04,Kejadian social engineering yang menargetkan sektor pendidikan di Sumatera Utara semakin marak terjadi. Pihak berwenang mencatat adanya peningkatan kasus dalam beberapa bulan terakhir. Para pelaku menggunakan modus social engineering untuk mengakses data sensitif korban. Kerugian material yang ditimbulkan cukup signifikan. Masyarakat diminta untuk lebih waspada terhadap berbagai bentuk kejahatan siber yang semakin canggih.,2025-12-22 08:20:04,generated_from_patterns
Bali Catat 435 Kasus Scam pada Desember,https://example.com/news/41,Tempo.co,2024-11-24,Kejadian scam yang menargetkan sektor e-commerce di Bali semakin marak terjadi. Pihak berwenang mencatat adanya peningkatan kasus dalam beberapa bulan terakhir. Para pelaku menggunakan modus scam untuk mengakses data sensitif korban. Kerugian material yang ditimbulkan cukup signifikan. Masyarakat diminta untuk lebih waspada terhadap berbagai bentuk kejahatan siber yang semakin canggih.,2025-12-22 08:20:04,generated_from_patterns
Kerugian Malware Capai Rp 4826 Juta di Sumatera Utara,https://example.com/news/42,Kompas.com,2024-11-08,Kejadian malware yang menargetkan sektor e-commerce di Sumatera Utara semakin marak terjadi. Pihak berwenang mencatat adanya peningkatan kasus dalam beberapa bulan terakhir. Para pelaku menggunakan modus malware untuk mengakses data sensitif korban. Kerugian material yang ditimbulkan cukup signifikan. Masyarakat diminta untuk lebih waspada terhadap berbagai bentuk kejahatan siber yang semakin canggih.,2025-12-22 08:20:04,generated_from_patterns
Pendidikan di Jawa Timur Jadi Target Scam,https://example.com/news/43,Kompas.com,2023-07-20,Kejadian scam yang menargetkan sektor pendidikan di Jawa Timur semakin marak terjadi. Pihak berwenang mencatat adanya peningkatan kasus dalam beberapa bulan terakhir. Para pelaku menggunakan modus scam untuk mengakses data sensitif korban. Kerugian material yang ditimbulkan cukup signifikan. Masyarakat diminta untuk lebih waspada terhadap berbagai bentuk kejahatan siber yang semakin canggih.,2025-12-22 08:20:04,generated_from_patterns
BSSN Deteksi 495 Serangan Scam ke Kesehatan,https://example.com/news/44,Kompas.com,2023-03-01,Kejadian scam yang menargetkan sektor kesehatan di Jawa Timur semakin marak terjadi. Pihak berwenang mencatat adanya peningkatan kasus dalam beberapa bulan terakhir. Para pelaku menggunakan modus scam untuk mengakses data sensitif korban. Kerugian material yang ditimbulkan cukup signifikan. Masyarakat diminta untuk lebih waspada terhadap berbagai bentuk kejahatan siber yang semakin canggih.,2025-12-22 08:20:04,generated_from_patterns
Polda Jawa Tengah Tangani 304 Kasus Phishing,https://example.com/news/45,Detik.com,2023-09-02,Kejadian phishing yang menargetkan sektor pemerintahan di Jawa Tengah semakin marak terjadi. Pihak berwenang mencatat adanya peningkatan kasus dalam beberapa bulan terakhir. Para pelaku menggunakan modus phishing untuk mengakses data sensitif korban. Kerugian material yang ditimbulkan cukup signifikan. Masyarakat diminta untuk lebih waspada terhadap berbagai bentuk kejahatan siber yang semakin canggih.,2025-12-22 08:20:04,generated_from_patterns
Kominfo: 224 Laporan DDoS dalam Sebulan Terakhir,https://example.com/news/46,Detik.com,2024-11-14,Kejadian ddos yang menargetkan sektor umkm di DKI Jakarta semakin marak terjadi. Pihak berwenang mencatat adanya peningkatan kasus dalam beberapa bulan terakhir. Para pelaku menggunakan modus ddos untuk mengakses data sensitif korban. Kerugian material yang ditimbulkan cukup signifikan. Masyarakat diminta untuk lebih waspada terhadap berbagai bentuk kejahatan siber yang semakin canggih.,2025-12-22 08:20:04,generated_from_patterns
34 Kasus Penipuan Online Menyerang Sektor UMKM di Sulawesi Selatan,https://example.com/news/47,Detik.com,2024-03-24,Kejadian penipuan online yang menargetkan sektor umkm di Sulawesi Selatan semakin marak terjadi. Pihak berwenang mencatat adanya peningkatan kasus dalam beberapa bulan terakhir. Para pelaku menggunakan modus penipuan online untuk mengakses data sensitif korban. Kerugian material yang ditimbulkan cukup signifikan. Masyarakat diminta untuk lebih waspada terhadap berbagai bentuk kejahatan siber yang semakin canggih.,2025-12-22 08:20:04,generated_from_patterns
Waspada! Penipuan Online Meningkat 80% di Banten,https://example.com/news/48,Tempo.co,2023-04-15,Kejadian penipuan online yang menargetkan sektor pemerintahan di Banten semakin marak terjadi. Pihak berwenang mencatat adanya peningkatan kasus dalam beberapa bulan terakhir. Para pelaku menggunakan modus penipuan online untuk mengakses data sensitif korban. Kerugian material yang ditimbulkan cukup signifikan. Masyarakat diminta untuk lebih waspada terhadap berbagai bentuk kejahatan siber yang semakin canggih.,2025-12-22 08:20:04,generated_from_patterns
Kerugian Data Breach Capai Rp 617 Juta di Bali,https://example.com/news/49,Kompas.com,2023-07-28,Kejadian data breach yang menargetkan sektor pemerintahan di Bali semakin marak terjadi. Pihak berwenang mencatat adanya peningkatan kasus dalam beberapa bulan terakhir. Para pelaku menggunakan modus data breach untuk mengakses data sensitif korban. Kerugian material yang ditimbulkan cukup signifikan. Masyarakat diminta untuk lebih waspada terhadap berbagai bentuk kejahatan siber yang semakin canggih.,2025-12-22 08:20:04,generated_from_patterns
Waspada! Malware Meningkat 33% di Jawa Barat,https://example.com/news/50,Tempo.co,2024-08-10,Kejadian malware yang menargetkan sektor umkm di Jawa Barat semakin marak terjadi. Pihak berwenang mencatat adanya peningkatan kasus dalam beberapa bulan terakhir. Para pelaku menggunakan modus malware untuk mengakses data sensitif korban. Kerugian material yang ditimbulkan cukup signifikan. Masyarakat diminta untuk lebih waspada terhadap berbagai bentuk kejahatan siber yang semakin canggih.,2025-12-22 08:20:04,generated_from_patterns
Kominfo: 97 Laporan Phishing dalam Sebulan Terakhir,https://example.com/news/51,CNN Indonesia,2023-05-13,Kejadian phishing yang menargetkan sektor umkm di DKI Jakarta semakin marak terjadi. Pihak berwenang mencatat adanya peningkatan kasus dalam beberapa bulan terakhir. Para pelaku menggunakan modus phishing untuk mengakses data sensitif korban. Kerugian material yang ditimbulkan cukup signifikan. Masyarakat diminta untuk lebih waspada terhadap berbagai bentuk kejahatan siber yang semakin canggih.,2025-12-22 08:20:04,generated_from_patterns
BSSN Deteksi 416 Serangan Malware ke Kesehatan,https://example.com/news/52,Detik.com,2024-08-14,Kejadian malware yang menargetkan sektor kesehatan di Sulawesi Selatan semakin marak terjadi. Pihak berwenang mencatat adanya peningkatan kasus dalam beberapa bulan terakhir. Para pelaku menggunakan modus malware untuk mengakses data sensitif korban. Kerugian material yang ditimbulkan cukup signifikan. Masyarakat diminta untuk lebih waspada terhadap berbagai bentuk kejahatan siber yang semakin canggih.,2025-12-22 08:20:04,generated_from_patterns
Serangan Malware ke Perbankan Naik 21% di 2023,https://example.com/news/53,Tempo.co,2023-01-16,Kejadian malware yang menargetkan sektor perbankan di Banten semakin marak terjadi. Pihak berwenang mencatat adanya peningkatan kasus dalam beberapa bulan terakhir. Para pelaku menggunakan modus malware untuk mengakses data sensitif korban. Kerugian material yang ditimbulkan cukup signifikan. Masyarakat diminta untuk lebih waspada terhadap berbagai bentuk kejahatan siber yang semakin canggih.,2025-12-22 08:20:04,generated_from_patterns
Bali Catat 403 Kasus DDoS pada Oktober,https://example.com/news/54,Kompas.com,2023-02-28,Kejadian ddos yang menargetkan sektor perbankan di Bali semakin marak terjadi. Pihak berwenang mencatat adanya peningkatan kasus dalam beberapa bulan terakhir. Para pelaku menggunakan modus ddos untuk mengakses data sensitif korban. Kerugian material yang ditimbulkan cukup signifikan. Masyarakat diminta untuk lebih waspada terhadap berbagai bentuk kejahatan siber yang semakin canggih.,2025-12-22 08:20:04,generated_from_patterns
Kominfo: 378 Laporan Ransomware dalam Sebulan Terakhir,https://example.com/news/55,Kompas.com,2024-05-14,Kejadian ransomware yang menargetkan sektor telekomunikasi di Sulawesi Selatan semakin marak terjadi. Pihak berwenang mencatat adanya peningkatan kasus dalam beberapa bulan terakhir. Para pelaku menggunakan modus ransomware untuk mengakses data sensitif korban. Kerugian material yang ditimbulkan cukup signifikan. Masyarakat diminta untuk lebih waspada terhadap berbagai bentuk kejahatan siber yang semakin canggih.,2025-12-22 08:20:04,generated_from_patterns
336 Kasus Malware Menyerang Sektor Kesehatan di Sumatera Utara,https://example.com/news/56,CNN Indonesia,2023-05-26,Kejadian malware yang menargetkan sektor kesehatan di Sumatera Utara semakin marak terjadi. Pihak berwenang mencatat adanya peningkatan kasus dalam beberapa bulan terakhir. Para pelaku menggunakan modus malware untuk mengakses data sensitif korban. Kerugian material yang ditimbulkan cukup signifikan. Masyarakat diminta untuk lebih waspada terhadap berbagai bentuk kejahatan siber yang semakin canggih.,2025-12-22 08:20:04,generated_from_patterns
Kominfo: 166 Laporan Phishing dalam Sebulan Terakhir,https://example.com/news/57,Kompas.com,2024-01-08,Kejadian phishing yang menargetkan sektor kesehatan di Jawa Tengah semakin marak terjadi. Pihak berwenang mencatat adanya peningkatan kasus dalam beberapa bulan terakhir. Para pelaku menggunakan modus phishing untuk mengakses data sensitif korban. Kerugian material yang ditimbulkan cukup signifikan. Masyarakat diminta untuk lebih waspada terhadap berbagai bentuk kejahatan siber yang semakin canggih.,2025-12-22 08:20:04,generated_from_patterns
Waspada! DDoS Meningkat 13% di Bali,https://example.com/news/58,Tempo.co,2024-09-10,Kejadian ddos yang menargetkan sektor kesehatan di Bali semakin marak terjadi. Pihak berwenang mencatat adanya peningkatan kasus dalam beberapa bulan terakhir. Para pelaku menggunakan modus ddos untuk mengakses data sensitif korban. Kerugian material yang ditimbulkan cukup signifikan. Masyarakat diminta untuk lebih waspada terhadap berbagai bentuk kejahatan siber yang semakin canggih.,2025-12-22 08:20:04,generated_from_patterns
Serangan Ransomware ke Pendidikan Naik 40% di 2023,https://example.com/news/59,Kompas.com,2023-05-25,Kejadian ransomware yang menargetkan sektor pendidikan di Bali semakin marak terjadi. Pihak berwenang mencatat adanya peningkatan kasus dalam beberapa bulan terakhir. Para pelaku menggunakan modus ransomware untuk mengakses data sensitif korban. Kerugian material yang ditimbulkan cukup signifikan. Masyarakat diminta untuk lebih waspada terhadap berbagai bentuk kejahatan siber yang semakin canggih.,2025-12-22 08:20:04,generated_from_patterns
Polda Banten Tangani 159 Kasus Data Breach,https://example.com/news/60,Kompas.com,2023-01-28,Kejadian data breach yang menargetkan sektor telekomunikasi di Banten semakin marak terjadi. Pihak berwenang mencatat adanya peningkatan kasus dalam beberapa bulan terakhir. Para pelaku menggunakan modus data breach untuk mengakses data sensitif korban. Kerugian material yang ditimbulkan cukup signifikan. Masyarakat diminta untuk lebih waspada terhadap berbagai bentuk kejahatan siber yang semakin canggih.,2025-12-22 08:20:04,generated_from_patterns
Jawa Timur Catat 29 Kasus DDoS pada Februari,https://example.com/news/61,Detik.com,2024-06-25,Kejadian ddos yang menargetkan sektor pemerintahan di Jawa Timur semakin marak terjadi. Pihak berwenang mencatat adanya peningkatan kasus dalam beberapa bulan terakhir. Para pelaku menggunakan modus ddos untuk mengakses data sensitif korban. Kerugian material yang ditimbulkan cukup signifikan. Masyarakat diminta untuk lebih waspada terhadap berbagai bentuk kejahatan siber yang semakin canggih.,2025-12-22 08:20:04,generated_from_patterns
Waspada! DDoS Meningkat 40% di Jawa Barat,https://example.com/news/62,Tempo.co,2023-03-19,Kejadian ddos yang menargetkan sektor kesehatan di Jawa Barat semakin marak terjadi. Pihak berwenang mencatat adanya peningkatan kasus dalam beberapa bulan terakhir. Para pelaku menggunakan modus ddos untuk mengakses data sensitif korban. Kerugian material yang ditimbulkan cukup signifikan. Masyarakat diminta untuk lebih waspada terhadap berbagai bentuk kejahatan siber yang semakin canggih.,2025-12-22 08:20:04,generated_from_patterns
Waspada! Social Engineering Meningkat 48% di Jawa Timur,https://example.com/news/63,Kompas.com,2023-07-14,Kejadian social engineering yang menargetkan sektor kesehatan di Jawa Timur semakin marak terjadi. Pihak berwenang mencatat adanya peningkatan kasus dalam beberapa bulan terakhir. Para pelaku menggunakan modus social engineering untuk mengakses data sensitif korban. Kerugian material yang ditimbulkan cukup signifikan. Masyarakat diminta untuk lebih waspada terhadap berbagai bentuk kejahatan siber yang semakin canggih.,2025-12-22 08:20:04,generated_from_patterns
Polisi Ungkap Phishing yang Rugikan Perbankan Hingga Rp 2967 Juta,https://example.com/news/64,CNN Indonesia,2024-10-16,Kejadian phishing yang menargetkan sektor perbankan di Jawa Barat semakin marak terjadi. Pihak berwenang mencatat adanya peningkatan kasus dalam beberapa bulan terakhir. Para pelaku menggunakan modus phishing untuk mengakses data sensitif korban. Kerugian material yang ditimbulkan cukup signifikan. Masyarakat diminta untuk lebih waspada terhadap berbagai bentuk kejahatan siber yang semakin canggih.,2025-12-22 08:20:04,generated_from_patterns
Serangan Data Breach ke Pendidikan Naik 36% di 2023,https://example.com/news/65,Tempo.co,2023-12-14,Kejadian data breach yang menargetkan sektor pendidikan di Jawa Barat semakin marak terjadi. Pihak berwenang mencatat adanya peningkatan kasus dalam beberapa bulan terakhir. Para pelaku menggunakan modus data breach untuk mengakses data sensitif korban. Kerugian material yang ditimbulkan cukup signifikan. Masyarakat diminta untuk lebih waspada terhadap berbagai bentuk kejahatan siber yang semakin canggih.,2025-12-22 08:20:04,generated_from_patterns
Waspada! Scam Meningkat 63% di Sulawesi Selatan,https://example.com/news/66,Kompas.com,2024-08-08,Kejadian scam yang menargetkan sektor perbankan di Sulawesi Selatan semakin marak terjadi. Pihak berwenang mencatat adanya peningkatan kasus dalam beberapa bulan terakhir. Para pelaku menggunakan modus scam untuk mengakses data sensitif korban. Kerugian material yang ditimbulkan cukup signifikan. Masyarakat diminta untuk lebih waspada terhadap berbagai bentuk kejahatan siber yang semakin canggih.,2025-12-22 08:20:04,generated_from_patterns
Kerugian Malware Capai Rp 2394 Juta di Banten,https://example.com/news/67,Kompas.com,2023-11-29,Kejadian malware yang menargetkan sektor perbankan di Banten semakin marak terjadi. Pihak berwenang mencatat adanya peningkatan kasus dalam beberapa bulan terakhir. Para pelaku menggunakan modus malware untuk mengakses data sensitif korban. Kerugian material yang ditimbulkan cukup signifikan. Masyarakat diminta untuk lebih waspada terhadap berbagai bentuk kejahatan siber yang semakin canggih.,2025-12-22 08:20:04,generated_from_patterns
Polda Jawa Timur Tangani 267 Kasus Phishing,https://example.com/news/68,Tempo.co,2024-12-01,Kejadian phishing yang menargetkan sektor e-commerce di Jawa Timur semakin marak terjadi. Pihak berwenang mencatat adanya peningkatan kasus dalam beberapa bulan terakhir. Para pelaku menggunakan modus phishing untuk mengakses data sensitif korban. Kerugian material yang ditimbulkan cukup signifikan. Masyarakat diminta untuk lebih waspada terhadap berbagai bentuk kejahatan siber yang semakin canggih.,2025-12-22 08:20:04,generated_from_patterns
76 Kasus Penipuan Online Menyerang Sektor E-commerce di Jawa Timur,https://example.com/news/69,Kompas.com,2024-08-08,Kejadian penipuan online yang menargetkan sektor e-commerce di Jawa Timur semakin marak terjadi. Pihak berwenang mencatat adanya peningkatan kasus dalam beberapa bulan terakhir. Para pelaku menggunakan modus penipuan online untuk mengakses data sensitif korban. Kerugian material yang ditimbulkan cukup signifikan. Masyarakat diminta untuk lebih waspada terhadap berbagai bentuk kejahatan siber yang semakin canggih.,2025-12-22 08:20:04,generated_from_patterns
Polisi Ungkap Social Engineering yang Rugikan Telekomunikasi Hingga Rp 3184 Juta,https://example.com/news/70,Detik.com,2024-05-29,Kejadian social engineering yang menargetkan sektor telekomunikasi di DKI Jakarta semakin marak terjadi. Pihak berwenang mencatat adanya peningkatan kasus dalam beberapa bulan terakhir. Para pelaku menggunakan modus social engineering untuk mengakses data sensitif korban. Kerugian material yang ditimbulkan cukup signifikan. Masyarakat diminta untuk lebih waspada terhadap berbagai bentuk kejahatan siber yang semakin canggih.,2025-12-22 08:20:04,generated_from_patterns
Kominfo: 68 Laporan Scam dalam Sebulan Terakhir,https://example.com/news/71,Kompas.com,2024-07-07,Kejadian scam yang menargetkan sektor pemerintahan di Jawa Tengah semakin marak terjadi. Pihak berwenang mencatat adanya peningkatan kasus dalam beberapa bulan terakhir. Para pelaku menggunakan modus scam untuk mengakses data sensitif korban. Kerugian material yang ditimbulkan cukup signifikan. Masyarakat diminta untuk lebih waspada terhadap berbagai bentuk kejahatan siber yang semakin canggih.,2025-12-22 08:20:04,generated_from_patterns
Sulawesi Selatan Catat 354 Kasus Data Breach pada September,https://example.com/news/72,Kompas.com,2024-05-15,Kejadian data breach yang menargetkan sektor kesehatan di Sulawesi Selatan semakin marak terjadi. Pihak berwenang mencatat adanya peningkatan kasus dalam beberapa bulan terakhir. Para pelaku menggunakan modus data breach untuk mengakses data sensitif korban. Kerugian material yang ditimbulkan cukup signifikan. Masyarakat diminta untuk lebih waspada terhadap berbagai bentuk kejahatan siber yang semakin canggih.,2025-12-22 08:20:04,generated_from_patterns
177 Kasus Ransomware Menyerang Sektor Pemerintahan di DKI Jakarta,https://example.com/news/73,Detik.com,2024-07-03,Kejadian ransomware yang menargetkan sektor pemerintahan di DKI Jakarta semakin marak terjadi. Pihak berwenang mencatat adanya peningkatan kasus dalam beberapa bulan terakhir. Para pelaku menggunakan modus ransomware untuk mengakses data sensitif korban. Kerugian material yang ditimbulkan cukup signifikan. Masyarakat diminta untuk lebih waspada terhadap berbagai bentuk kejahatan siber yang semakin canggih.,2025-12-22 08:20:04,generated_from_patterns
Waspada! Social Engineering Meningkat 26% di Jawa Timur,https://example.com/news/74,Detik.com,2023-02-23,Kejadian social engineering yang menargetkan sektor telekomunikasi di Jawa Timur semakin marak terjadi. Pihak berwenang mencatat adanya peningkatan kasus dalam beberapa bulan terakhir. Para pelaku menggunakan modus social engineering untuk mengakses data sensitif korban. Kerugian material yang ditimbulkan cukup signifikan. Masyarakat diminta untuk lebih waspada terhadap berbagai bentuk kejahatan siber yang semakin canggih.,2025-12-22 08:20:04,generated_from_patterns
BSSN Deteksi 103 Serangan Phishing ke UMKM,https://example.com/news/75,CNN Indonesia,2023-06-19,Kejadian phishing yang menargetkan sektor umkm di Banten semakin marak terjadi. Pihak berwenang mencatat adanya peningkatan kasus dalam beberapa bulan terakhir. Para pelaku menggunakan modus phishing untuk mengakses data sensitif korban. Kerugian material yang ditimbulkan cukup signifikan. Masyarakat diminta untuk lebih waspada terhadap berbagai bentuk kejahatan siber yang semakin canggih.,2025-12-22 08:20:04,generated_from_patterns
Polda Jawa Barat Tangani 330 Kasus DDoS,https://example.com/news/76,Tempo.co,2024-02-14,Kejadian ddos yang menargetkan sektor telekomunikasi di Jawa Barat semakin marak terjadi. Pihak berwenang mencatat adanya peningkatan kasus dalam beberapa bulan terakhir. Para pelaku menggunakan modus ddos untuk mengakses data sensitif korban. Kerugian material yang ditimbulkan cukup signifikan. Masyarakat diminta untuk lebih waspada terhadap berbagai bentuk kejahatan siber yang semakin canggih.,2025-12-22 08:20:04,generated_from_patterns
Waspada! Phishing Meningkat 33% di Sumatera Utara,https://example.com/news/77,Kompas.com,2024-03-05,Kejadian phishing yang menargetkan sektor telekomunikasi di Sumatera Utara semakin marak terjadi. Pihak berwenang mencatat adanya peningkatan kasus dalam beberapa bulan terakhir. Para pelaku menggunakan modus phishing untuk mengakses data sensitif korban. Kerugian material yang ditimbulkan cukup signifikan. Masyarakat diminta untuk lebih waspada terhadap berbagai bentuk kejahatan siber yang semakin canggih.,2025-12-22 08:20:04,generated_from_patterns
Serangan Penipuan Online ke E-commerce Naik 66% di 2024,https://example.com/news/78,CNN Indonesia,2023-06-17,Kejadian penipuan online yang menargetkan sektor e-commerce di Jawa Barat semakin marak terjadi. Pihak berwenang mencatat adanya peningkatan kasus dalam beberapa bulan terakhir. Para pelaku menggunakan modus penipuan online untuk mengakses data sensitif korban. Kerugian material yang ditimbulkan cukup signifikan. Masyarakat diminta untuk lebih waspada terhadap berbagai bentuk kejahatan siber yang semakin canggih.,2025-12-22 08:20:04,generated_from_patterns
Kerugian Scam Capai Rp 1608 Juta di DKI Jakarta,https://example.com/news/79,CNN Indonesia,2023-02-21,Kejadian scam yang menargetkan sektor perbankan di DKI Jakarta semakin marak terjadi. Pihak berwenang mencatat adanya peningkatan kasus dalam beberapa bulan terakhir. Para pelaku menggunakan modus scam untuk mengakses data sensitif korban. Kerugian material yang ditimbulkan cukup signifikan. Masyarakat diminta untuk lebih waspada terhadap berbagai bentuk kejahatan siber yang semakin canggih.,2025-12-22 08:20:04,generated_from_patterns
Jawa Timur Catat 384 Kasus Social Engineering pada Juni,https://example.com/news/80,Tempo.co,2023-02-09,Kejadian social engineering yang menargetkan sektor e-commerce di Jawa Timur semakin marak terjadi. Pihak berwenang mencatat adanya peningkatan kasus dalam beberapa bulan terakhir. Para pelaku menggunakan modus social engineering untuk mengakses data sensitif korban. Kerugian material yang ditimbulkan cukup signifikan. Masyarakat diminta untuk lebih waspada terhadap berbagai bentuk kejahatan siber yang semakin canggih.,2025-12-22 08:20:04,generated_from_patterns
462 Kasus Malware Menyerang Sektor Telekomunikasi di DKI Jakarta,https://example.com/news/81,Detik.com,2023-01-17,Kejadian malware yang menargetkan sektor telekomunikasi di DKI Jakarta semakin marak terjadi. Pihak berwenang mencatat adanya peningkatan kasus dalam beberapa bulan terakhir. Para pelaku menggunakan modus malware untuk mengakses data sensitif korban. Kerugian material yang ditimbulkan cukup signifikan. Masyarakat diminta untuk lebih waspada terhadap berbagai bentuk kejahatan siber yang semakin canggih.,2025-12-22 08:20:04,generated_from_patterns
141 Kasus Scam Menyerang Sektor Pendidikan di Sumatera Utara,https://example.com/news/82,Tempo.co,2023-07-15,Kejadian scam yang menargetkan sektor pendidikan di Sumatera Utara semakin marak terjadi. Pihak berwenang mencatat adanya peningkatan kasus dalam beberapa bulan terakhir. Para pelaku menggunakan modus scam untuk mengakses data sensitif korban. Kerugian material yang ditimbulkan cukup signifikan. Masyarakat diminta untuk lebih waspada terhadap berbagai bentuk kejahatan siber yang semakin canggih.,2025-12-22 08:20:04,generated_from_patterns
Kerugian Penipuan Online Capai Rp 3428 Juta di Sumatera Utara,https://example.com/news/83,CNN Indonesia,2023-03-15,Kejadian penipuan online yang menargetkan sektor kesehatan di Sumatera Utara semakin marak terjadi. Pihak berwenang mencatat adanya peningkatan kasus dalam beberapa bulan terakhir. Para pelaku menggunakan modus penipuan online untuk mengakses data sensitif korban. Kerugian material yang ditimbulkan cukup signifikan. Masyarakat diminta untuk lebih waspada terhadap berbagai bentuk kejahatan siber yang semakin canggih.,2025-12-22 08:20:04,generated_from_patterns
Kerugian DDoS Capai Rp 1366 Juta di Jawa Barat,https://example.com/news/84,Detik.com,2024-07-12,Kejadian ddos yang menargetkan sektor kesehatan di Jawa Barat semakin marak terjadi. Pihak berwenang mencatat adanya peningkatan kasus dalam beberapa bulan terakhir. Para pelaku menggunakan modus ddos untuk mengakses data sensitif korban. Kerugian material yang ditimbulkan cukup signifikan. Masyarakat diminta untuk lebih waspada terhadap berbagai bentuk kejahatan siber yang semakin canggih.,2025-12-22 08:20:04,generated_from_patterns
Sumatera Utara Catat 267 Kasus Malware pada Agustus,https://example.com/news/85,Tempo.co,2024-06-11,Kejadian malware yang menargetkan sektor pendidikan di Sumatera Utara semakin marak terjadi. Pihak berwenang mencatat adanya peningkatan kasus dalam beberapa bulan terakhir. Para pelaku menggunakan modus malware untuk mengakses data sensitif korban. Kerugian material yang ditimbulkan cukup signifikan. Masyarakat diminta untuk lebih waspada terhadap berbagai bentuk kejahatan siber yang semakin canggih.,2025-12-22 08:20:04,generated_from_patterns
BSSN Deteksi 38 Serangan Ransomware ke Pendidikan,https://example.com/news/86,Detik.com,2023-10-26,Kejadian ransomware yang menargetkan sektor pendidikan di Sulawesi Selatan semakin marak terjadi. Pihak berwenang mencatat adanya peningkatan kasus dalam beberapa bulan terakhir. Para pelaku menggunakan modus ransomware untuk mengakses data sensitif korban. Kerugian material yang ditimbulkan cukup signifikan. Masyarakat diminta untuk lebih waspada terhadap berbagai bentuk kejahatan siber yang semakin canggih.,2025-12-22 08:20:04,generated_from_patterns
Jawa Timur Catat 207 Kasus Phishing pada Juli,https://example.com/news/87,Tempo.co,2023-03-20,Kejadian phishing yang menargetkan sektor pendidikan di Jawa Timur semakin marak terjadi. Pihak berwenang mencatat adanya peningkatan kasus dalam beberapa bulan terakhir. Para pelaku menggunakan modus phishing untuk mengakses data sensitif korban. Kerugian material yang ditimbulkan cukup signifikan. Masyarakat diminta untuk lebih waspada terhadap berbagai bentuk kejahatan siber yang semakin canggih.,2025-12-22 08:20:04,generated_from_patterns
Polisi Ungkap Malware yang Rugikan Pemerintahan Hingga Rp 3243 Juta,https://example.com/news/88,Detik.com,2024-04-02,Kejadian malware yang menargetkan sektor pemerintahan di DKI Jakarta semakin marak terjadi. Pihak berwenang mencatat adanya peningkatan kasus dalam beberapa bulan terakhir. Para pelaku menggunakan modus malware untuk mengakses data sensitif korban. Kerugian material yang ditimbulkan cukup signifikan. Masyarakat diminta untuk lebih waspada terhadap berbagai bentuk kejahatan siber yang semakin canggih.,2025-12-22 08:20:04,generated_from_patterns
Polda Jawa Barat Tangani 19 Kasus Phishing,https://example.com/news/89,Tempo.co,2023-02-22,Kejadian phishing yang menargetkan sektor telekomunikasi di Jawa Barat semakin marak terjadi. Pihak berwenang mencatat adanya peningkatan kasus dalam beberapa bulan terakhir. Para pelaku menggunakan modus phishing untuk mengakses data sensitif korban. Kerugian material yang ditimbulkan cukup signifikan. Masyarakat diminta untuk lebih waspada terhadap berbagai bentuk kejahatan siber yang semakin canggih.,2025-12-22 08:20:04,generated_from_patterns
Polisi Ungkap Data Breach yang Rugikan Kesehatan Hingga Rp 3895 Juta,https://example.com/news/90,Tempo.co,2024-01-21,Kejadian data breach yang menargetkan sektor kesehatan di Jawa Barat semakin marak terjadi. Pihak berwenang mencatat adanya peningkatan kasus dalam beberapa bulan terakhir. Para pelaku menggunakan modus data breach untuk mengakses data sensitif korban. Kerugian material yang ditimbulkan cukup signifikan. Masyarakat diminta untuk lebih waspada terhadap berbagai bentuk kejahatan siber yang semakin canggih.,2025-12-22 08:20:04,generated_from_patterns
BSSN Deteksi 430 Serangan Scam ke Telekomunikasi,https://example.com/news/91,CNN Indonesia,2023-11-04,Kejadian scam yang menargetkan sektor telekomunikasi di Banten semakin marak terjadi. Pihak berwenang mencatat adanya peningkatan kasus dalam beberapa bulan terakhir. Para pelaku menggunakan modus scam untuk mengakses data sensitif korban. Kerugian material yang ditimbulkan cukup signifikan. Masyarakat diminta untuk lebih waspada terhadap berbagai bentuk kejahatan siber yang semakin canggih.,2025-12-22 08:20:04,generated_from_patterns
Kominfo: 417 Laporan Social Engineering dalam Sebulan Terakhir,https://example.com/news/92,CNN Indonesia,2024-05-03,Kejadian social engineering yang menargetkan sektor kesehatan di Sulawesi Selatan semakin marak terjadi. Pihak berwenang mencatat adanya peningkatan kasus dalam beberapa bulan terakhir. Para pelaku menggunakan modus social engineering untuk mengakses data sensitif korban. Kerugian material yang ditimbulkan cukup signifikan. Masyarakat diminta untuk lebih waspada terhadap berbagai bentuk kejahatan siber yang semakin canggih.,2025-12-22 08:20:04,generated_from_patterns
